text,true_label,pred_label,probability
服务太差，没有收到货，系统显示收货，至今未处理,4,1,0.3331991732120514
京东客户端的客服非常差劲,4,1,0.45279064774513245
好好6666666666666666,4,3,0.42217394709587097
可以，和想象中的差不多,1,7,0.6956220865249634
查了下，2010年开始在京东网购，买的东西不少，从没有评论过！这是第一次！,1,3,0.3170856833457947
用了几天，感觉不错，无线、蓝牙、摄像头等基本功能都有，对于上网本足够用了。在京东买省事，放心些，送来都是未拆封的。,8,1,0.5884275436401367
下订单付款了 单没有现货 再次到货时已经降价100元 没有通知我 也没有退款 不知如何解决？,8,1,0.34107932448387146
质量没得说， 送货服务态度也超级棒呢！每次都是在京东上面买，而且非常实惠，推荐购买,1,3,0.52091383934021
很差很差，感觉很山寨，一买完就降价，服了,4,7,0.43035879731178284
支持花花公子，支持京东，小哥服务没的说，下一次惠顾。,7,3,0.6223178505897522
我为什么喜欢在京东买东西，因为今天买明天就可以送到。我为什么每个商品的评价都一样，因为在京东买的东西太多太多了，导致积累了很多未评价的订单，所以我统一用段话作为评价内容。京东购物这么久，有买到很好的产品，也有买到比较坑的产品，如果我用这段话来评价，说明这款产品没问题，至少85分以上…,3,4,0.7392414808273315
唉唉跟图片不符合 唉唉唉唉唉唉唉唉唉唉唉唉唉唉唉唉唉唉唉唉唉唉唉唉唉唉唉唉唉唉唉,7,4,0.604512631893158
发货很快的，618之前买的降价了,1,4,0.8476603627204895
客服态度很好，妈妈收的，没有拆开，还不知质量，希望完好,5,4,0.35266244411468506
帮帮哒，和想象的一样，点个赞,1,4,0.43896999955177307
非常不错非常不错非常不错非常的好,7,1,0.668694019317627
分量足，包装好，物流快，价格优，非常棒！感谢京东！,4,3,0.7940728068351746
硬件不错，从外观，做工多不错.,2,8,0.8875605463981628
服务真差！,9,7,0.4387529492378235
今天刚到，用段时间看看好不好在追加评价,1,4,0.6530425548553467
性价比很高，价位挺合适，挺喜欢清扬，比较适合自己,4,8,0.36021679639816284
给个中肯的评价，包装不错，速度也快，就是价格比超市贵,3,4,0.8983541131019592
618活动买的，性价比不错，满意！,4,1,0.35007545351982117
感觉上当了，给母亲买的，回家一看！纯属伪劣产品！不值这个价！,1,4,0.4189518392086029
第二次买了，商品质量还不错，物流也很给力，京东加油↖(^ω^)↗,3,4,0.5110787749290466
非常好，比超市便宜多了。。送货速度很快。,3,4,0.738909125328064
给媳妇买的，送货到家还是会让人很满意的效果好好的，以后有机会会还要再来购买！    给媳妇买的，送货到家还是会让人很满意的效果好好的，以后有机会会还要再来购买！,3,4,0.6603368520736694
京东就是快，用了优惠券，不错！！！！！！！,1,4,0.8355308175086975
等使用评价,1,5,0.556607186794281
很差，差的不要不要的，价格不稳定，变来变去的，真是服了,4,3,0.8167054057121277
京东商城值得信赖！有问题管换，痛快！快递小哥服务也好！没话说,1,3,0.5478421449661255
太坑了，前两天88，这两天就69，价格变化也太大了吧,4,1,0.429718941450119
京东垃圾以后不会买京东的东西了。,4,1,0.4372754693031311
包装好。送货快。一直选择京东的原因。京东加油。,3,4,0.5758154988288879
一无商标，二发货慢，三还是假货，差评都没你垃圾,7,4,0.6822874546051025
可以用不到的。紧来？,1,4,0.589379608631134
这中通快递的速度也太墨迹了吧，25日早上七点发往北京，现在才送到，2个节日都过去了…不过对我朋友来讲也算是迟来的惊喜！,3,8,0.445902556180954
同学买的，看起来很不错！ 性价比还行！ 到现在还没出现质量问题！ 后续在评价！ 买京东自营要的就是送货速度,1,3,0.5920740365982056
废品 劝大家不要买,7,1,0.4634327292442322
后来发现屏幕上有一个坏点，打客服X200要8个坏点才能退换，郁闷,8,1,0.978408694267273
不满意，难道一点防护措施都没有吗？难怪上一个回漏。脏兮兮的都是划痕真服了。,4,1,0.8369267582893372
用了一段时间了，感觉很好。这个配置够用了。,1,8,0.546341598033905
一般般般般般般般般般,1,7,0.289743036031723
东西都包装的很完好，京东小哥人也特别好，谢谢,3,4,0.6856210827827454
开始洗了，以前买过，这牌子很好的,7,4,0.9388483166694641
收到货了，物流送错地方迟了一天，以后长点心吧,1,4,0.49875855445861816
很好，送快递帅哥很好，看我抱娃，帮我直接拿到四楼，非常感谢帅哥。,3,1,0.5171047449111938
宝贝很好很喜欢  卖家有多努力哦~~~ 好,5,7,0.6887192726135254
物流乌龟，速度太慢。,1,4,0.4195244014263153
地摊货水平的包装，很受打击,7,4,0.8813502788543701
很好很好哦哦哦哦哦哦哦哦哦哦哦哦哦哦哦哦哦哦哦哦哦,3,1,0.2924521863460541
第三次购买了，价格好，质量也可以,1,7,0.3946850895881653
轻小可人，容量大，速度快，外壳色泽光感都不错…… 对于准备求婚的哥哥是个不错的选择哦！,8,2,0.6618992686271667
京东买的商品价廉物美，物超所值，推荐大家来购买。,7,3,0.5190132260322571
分量足，老牌子，值得信赖。送货速度快。赞一个。,4,3,0.891626238822937
"塑料壳子易坏(本人的已坏:)电池待机时间从没有超过1天在购买半年后待机时间别想超过半天没有红外就算了数据传输到现在实验过3太电脑就没有一次成功的总说""确认连接""哎放弃ING~",2,8,0.7755058407783508
发货送货速度快，东西还可以。,1,3,0.6053319573402405
收到快递时都没有发膜，还有就是第二天就降价,4,1,0.9312384724617004
垃圾中滴战斗机…,7,1,0.2906270921230316
挺早就看上它了，等了半个月等到618才买，只是物流慢了一天。,1,4,0.5218930840492249
夫学业在勤，故有锥股自厉；志于文也，则有申写郁滞。故宜从容率情，优柔适会。若销铄精胆，蹙迫和气，秉牍以驱龄，洒翰以伐性，岂圣贤之素心，会文之直理哉！    且夫思有利钝，时有通塞，沐则心覆，且或反常；神之方昏，再三愈黩。是以吐纳文艺，务在节宣，清和其心，调畅其气，烦而即舍，勿使壅滞，意得则舒怀以命笔，理伏则投笔以卷怀，逍遥以针劳，谈笑以药倦，常弄闲于才锋，贾馀于文勇，使刃发如新，腠理无滞，虽非胎息之万术，斯亦卫气之一方也。,3,0,0.8790133595466614
我的UT218在关机状态下充电刚刚10分钟，然后屏幕上就什么显示也没有了，刚开始以为是没充满也没理会一直充了一夜，起来一摸电池好烫啊，结果就不开机了，一直放着就没用过了,2,1,0.4462131857872009
物流不想说！真是慢,7,4,0.41579797863960266
XL变成了L，偏大了一半有多，又要退货了，唉,7,3,0.6968215107917786
说实话，不一样的卡梅拉我和女儿都不喜欢，后悔了，5555555,0,3,0.665168046951294
XP超难装，送货速度简直慢的没法说了，打了无数次客服电话都说马上处理马上处理，处理了几天才给我送过来,8,1,0.3414797782897949
昨天刚买的*今天就成了*？有这么坑人的吗一天一个价？,3,4,0.7643921971321106
送货及时，比超市便宜很多，方便快捷，还会继续购买,3,4,0.7684516906738281
不怎么样有点后悔买了,7,1,0.5648584365844727
差差差真卡渣渣品牌以后在也不相信大品牌了坑是了,1,7,0.7323851585388184
太慢了，等了一个多星期,7,4,0.42489954829216003
刚到货商家就掉价，不给处理,4,7,0.458100289106369
不是一般的小，不满意，不满意，不满意。,3,7,0.3906734585762024
吗得，图片与实物不符，丑的一必,7,3,0.5720213055610657
外观，一个字～脏～，标签也是随便贴上去的，甚至有一半还是没完全粘好，这种包装，我也是醉了???,4,1,0.636467456817627
质量很好，很快的呀?超喜欢这个速度，在6 18这个日子还能这么快真的太好了！,1,4,0.3290450870990753
全脱水份处理的吗，一看就放长时间的,3,4,0.6862706542015076
还不错，512卡，双电，2700元,2,1,0.9764732122421265
质量一般般 说送赠品也没送 你们千万不要上当,7,1,0.648340106010437
1：一颗星给了都浪费    2：调换时，明明跟客服说好了要发顺丰到付，自己还写了小纸条，结果说了跟没说一样，垃圾工作态度    3：快递说好的*走陆运，贵点走航空。自己花了票票要求走航空，却走了陆运。大家看运单    4：质量不敢恭维，这个价格真坑，大家看白线条，看线头吧    5：不明白京东是怎么要这样的质量与价格不成正比，差的要死，售后还不认真的商家入住的。    6：不要道歉，没用,7,4,0.39682233333587646
第一次发现京东这么差劲，客户不给力，自营的物流也这么垃圾，京东一点信誉也没有，10.19下单后，显示10.21就能到货，但是实际上是10.23才到货。下单后只能找在线客户，解决不了任何问题，查都不查，直接就告诉你，需要等着，解决不了任何问题那还要什么在线客服啊。,1,4,0.5159215331077576
东西还不错，速度快，下次继续购买,3,4,0.38384824991226196
用后再评价吧，现在还没有用。,1,4,0.765529215335846
刚买几天就死机好几次，杂牌货就是杂牌货，同胞们千万别买呀,2,1,0.8616448640823364
还行 就是太长,1,7,0.8249746561050415
非常好，一次买了十二个，做为销售队伍的奖品，很是高大上！,1,3,0.893020510673523
给父母买的，挺好的，非常满意！,5,1,0.9464108347892761
商品没问题，价格有问题！618活动价899，第二天就秒杀848，敢情618全涨价，买东西的都是傻子，全冲着高价去了是吧，去客服投诉永远无人在线，客服就是个摆设！本来还对京东挺有好感的，以后不会再在京东买任何东西，参加任何活动!店大不缺我这个客！,1,4,0.519405722618103
物流很快，价格划算，可是刚买又降价了,1,4,0.7563484311103821
差评差，差差，差，一个字还是差,7,1,0.4116213321685791
把GPS卫星定位系统搞入手机。不错。,2,1,0.9663956761360168
非常好的商品，物流也快很好的商品,4,1,0.45800110697746277
壳子有点松，质量差,1,7,0.806466817855835
宝贝性价比高，不过黑边好宽，和水果比起来差远了，好在价位不一样。,1,3,0.9889453053474426
东西不错，挺满意，对得起这个价格 ，不过，还是建议购买4G，64G的，运行会更好点,1,8,0.6147376894950867
太差了。绝对不是正品。上当了。,7,4,0.7332020998001099
垃圾/ 不能买,7,1,0.45285528898239136
送货速度极慢，必须差评。,1,4,0.3304421901702881
"好用不说话,十个字已输入",1,2,0.45403456687927246
机身稳固，可靠，特别耐磨。一般使用可以,2,1,0.6861041784286499
很好！非常满意！效果也很不错！京东自营很信赖！快递小哥也很给力！,4,3,0.5107802748680115
快递失望，打电话说了着急还拖到下午送！都不想再京东买东西了,1,4,0.8039112687110901
物流垃圾，八天才到,7,1,0.3797607123851776
地摊货，，，，，，，，，,7,4,0.3962865173816681
货都没送到 还说已完成···· 我真不好说,7,4,0.7353840470314026
"东西不好都不要买,不要买",3,7,0.5212123394012451
方便又划算，都不用逛超市了。现在什么东西都上京东买，都习惯了。,3,4,0.5442813634872437
快递小哥差评差评差评差评差评！在京东买了这么多年的东西，第一次遇到快递员连小区门都不进的,1,3,0.4811365008354187
不行，超级垃圾,1,7,0.5752422213554382
刚买一天就降价，京东越来越不可信了，而且售后一点都不好,4,1,0.7711684703826904
刚买的，还没用过，想说配送员辛苦了！都快夜里十点了，还在送货！,1,4,0.974963903427124
价格合适，使用起来没有什么特别不满意的地方。但是有一个缺点是，总会自动锁屏，不知是不是操作不当的问题,1,8,0.645159125328064
价格太贵了，买了几天就降价,4,1,0.5758438110351562
挺好的啊，买了这个品牌的和另外某个品牌的，感觉还是这个好点。,7,4,0.7244937419891357
极差的一次购物 自提站工作人员百般刁难 不给开箱 态度极差,1,4,0.4309486150741577
帮朋友买的，发的EMS，慢的要死，获取到的物流信息还是错误的，差评,1,7,0.5048440098762512
第二台了，感觉很满意，外观美观，大品牌值得信赖。,5,1,0.5955685973167419
太慢太慢，就二十公里，花了四五天，东西现在还没用，不知怎样。,4,1,0.35905981063842773
垃圾东西没人工服务,1,7,0.7436255216598511
钱给了，商品没收到。追问几次无果，差不多一个月了没下文,7,3,0.32170361280441284
头次买，不知道怎么样,4,3,0.41455385088920593
感觉没有以前的那么好,4,7,0.5179334878921509
看不懂啊 发错快递 快递不到我这里 我给快递打电话一直打不通 真的坑 问客服呢 一直发笑脸 看不懂,7,4,0.5038729906082153
不要买待机时间根本不足100小时,2,1,0.6140460968017578
宝贝很不错，一直信赖京东，下次还来！,4,3,0.7058252096176147
每一次寄去老公公司的东东都能准时准确的收到温馨提示已签收，唯有这次想给老公的惊喜却因为你们的一点疏忽(签收了竟然没提示)，最后惊喜变成吵‘架冷战?,7,3,0.3007260262966156
已经是买的第三个啦 双十一买的很合算 比我去年买的时候便宜了60块 双十一是639,5,1,0.44341450929641724
宝贝己收到，价格很满意，五星评价!,1,7,0.5261831283569336
字太小了，怎么调不大，很不满意，京东服务还是可以的。,1,7,0.4262085258960724
东西很不错！趁着活动买了点，感觉挺方便的！以后还会继续在jd买东西，快递也很快，服务也很不错！,3,4,0.9038708806037903
没有想象的好。。。。。。。,1,7,0.4394587278366089
高大上，舒服，好用，物流快。,4,7,0.5898876786231995
包装太简单，京东快递能不能付责点，快递小哥还好吧！宝贝还没用，等用过在追加评论,1,4,0.9655211567878723
太满意，打开一看都好小一个！不值得,4,3,0.6956348419189453
心啪啪啪婆婆肚肚疼偷渡复读duvet偷渡肚兜复读肚兜头服,3,7,0.5585599541664124
嗯搞活动的奖品，还可以，用用看,1,4,0.8491324782371521
产品收到都冻成冰了，太生气了，差评，差评,4,3,0.9108774065971375
宝贝高档美观，很好用，下次还来光顾。,5,1,0.3961107134819031
一买就掉价，还什么都不送,1,4,0.4309571385383606
真心屏幕大，可惜就是内存不足，所以感觉好慢！！！应该买联想那个八寸的！,1,8,0.8094174265861511
宝贝很好不错?，颜色靓丽，手感很舒服，反应很快，以后会经常光顾的?,1,7,0.8000916242599487
感觉屏幕小点，屏边上的一圈地方没有充分利用啊。再有彩屏机子耗电量是个问题，用2天就要充电了，没有双电双充盯不住用的,2,1,0.5249436497688293
买了好多次，整体不错，不过我觉得有时候好的和差点儿掺合着装，还行吧,3,7,0.8462974429130554
机子还是好机子，功能全，也支持扩展卡，屏也不错，听说用的是三星的,2,1,0.9683190584182739
很满意的一次购物，一个字，好!,7,4,0.30134931206703186
快递员不直接送货到家里，还要自己到乡里去拿货，村里都不送货，请问快递公司快递费也应该出了,7,4,0.47336462140083313
能不给一星吗？想买的朋友希望慎重！！！！！！,7,3,0.29283708333969116
给公司买的，很好，这个型号的机器性价比很高的,1,8,0.7309107780456543
京东到处是消费陷阱，大家注意了。作为京东的忠实会员，任何的电子产品都是京东选的，这次太让我失望了，都在回避问题，都是足球队毕业的，传球可真好啊。,1,3,0.452059805393219
漂亮好看...性价比高..物流给力,4,7,0.6988480091094971
差差差差差差差差差差差差差差差差差差差差差差差差差差,7,3,0.2972595989704132
一下买了5盒，还没开包装就便宜了*，相当于少给了一盒。本来想评零颗星的。,3,4,0.8714446425437927
说给发票，没收到发票还说已经发了，死无对证，怪我咯。京东又不是第一次不给发票，认栽咯，下次还来京东买，毕竟人家已经是最好的，我也只能犯贱！,1,3,0.42721763253211975
不好用 出差带着凑合,4,1,0.5415723919868469
这个鬼地方居然是三星简直让人无法相信差，太差了，可惜没0分，有0分一定打0分,9,1,0.87813800573349
色彩什么的都很好！声音也很好！总体目前很好,1,2,0.8901963829994202
不是很好 比较老,9,7,0.7106456160545349
这上面是不是打错了，才８５０元？有谁能告诉我这机子到底多少钱啊,2,8,0.44484177231788635
偶觉得这句真的好有道理。道出了我的心声啊！“出租车就这样，你有事时打不到，没事时看见空车到处串，见一个烦一个。”,0,9,0.9009073972702026
相当不靠谱,9,7,0.5918626189231873
差差差，里面是软的，和店里买的差太多了,3,7,0.5676887035369873
东西不错，这个价格很酷，喜欢，会推荐购买,1,4,0.35873183608055115
1.指纹收集器。2.触摸板反应速度略低于单点触摸的机型。3.键盘手感需要时间适应。,8,2,0.7576947212219238
态度特别不好,9,7,0.4239968955516815
东西已收到，快递小哥服务杠杠滴,1,4,0.5271835923194885
很好很好很好很好很好很好很好很好喝亮点,3,4,0.5909397006034851
啥时候到啊下单好几天了还没到?,4,0,0.3623766005039215
京东客服真*。京东也是有病，花最低的价钱雇佣大学生，技能都不熟练服务不负责任。,4,1,0.3002875745296478
仔细检查了一下 宝贝质量真的不错，也很上档次，关键是物美价廉，物超所值，服务好，赞一个,5,7,0.6125230193138123
京东超市购物买的放心，用的安心。省时、省钱、省事。,3,4,0.7850544452667236
假货！假货假货！,7,4,0.7517677545547485
不要上这家店卖，挂着东西卖只接单，不搞服务。总之一句话在这家服务差。,1,3,0.3841865062713623
别买了，家里的都让我扔了。不好，推荐吕,4,3,0.4696905314922333
一般一般,9,7,0.4474186897277832
刚收到，速度很快，服务很好，值得信赖,4,7,0.2905269265174866
优点：1、做工尚可2、系统响应速度快3、屏幕大，分辨率高，显示效果好4、照相200W，配置比较高,2,8,0.5203898549079895
送过来，看着挺不错的，还没用呢。,1,4,0.7177140712738037
嗯，质量不错，包装很好到货速度很快，非常满意,3,4,0.4126276671886444
不错，价格实惠，618活动给力呀！,1,4,0.8578585982322693
无语无语无语无语无语,7,1,0.628291666507721
屏幕一流，拍照也强，256MSD卡爽,2,1,0.9539051055908203
一直在京东上买东西！购物体验还是非常不错的！自营的速度也非常快！头天下单的，第二天基本上就能到，方便使用，时效性点赞！！！！！！！质量也非常不错,1,4,0.9219529032707214
重要的事情说三遍：日期新鲜！物流快捷！！价格巨划算！！！必须必赞 赞 赞！！！日期新鲜！物流快捷！！价格巨划算！！！必须必赞 赞 赞！！！日期新鲜！物流快捷！！价格巨划算！！！必须必赞 赞 赞！！！,4,3,0.9829965829849243
东西不错，价格便宜，买东西就上京东。,4,3,0.5365805625915527
一直比较信赖京东自营店，物流很乖，质量过关。,4,3,0.8256401419639587
相素特别差，触摸不太灵，,1,2,0.7706900238990784
东西是四号买的，到二十四号自动签收了，期间我曾多次查看并询问客服物流信息，都没有一个有用的答复。因为物流一直显示通知快递员揽件，揽了二十天。。。直到二十四号签收，客服还让我等一下！！！,7,4,0.6324353218078613
京东自营店信誉值得信赖，送货师傅服务没的说，满分好评，以后会继续购买。,1,3,0.6118124127388
是在外面卖不出去了的存货吗？呵呵。,3,4,0.4831983149051666
本来打算退的，我老公说算了，但刚买的就有破烂心里还是很不舒服！大家都考虑再买,7,3,0.9727169871330261
"摄像头不够鲜艳,不知道是自己不会还是电脑问题,颜色调不了,能调的告诉我下",8,2,0.43554097414016724
还不错，看起来挺好的，应该不错吧,7,1,0.6361329555511475
一点都不好用，感觉自己被坑了一样。,1,4,0.7219766974449158
比较看好法国红酒进口原版小牛皮搭配的,1,3,0.4087972044944763
非常非常之好，非常感谢京东，,4,3,0.6389919519424438
下载了很多没用的软件，我怀疑是返修机，外表可以而已，没什么用,1,2,0.5192899703979492
最失败的一次购物，从下订单到收货，16天，无语。,1,4,0.38254880905151367
包装挺好看，快递也给力，但是还没用，不知道效果怎么样,1,4,0.9893604516983032
京东现成买的多，希望?货越来越少，价格越来越便宜，厚了点,7,4,0.4278138279914856
非常好啊，分量非常足，是正品..买了不吃亏，买了不上当，走过路过，千万不要错过?,4,3,0.6290377974510193
很好，买过多次了，没有失望过，支持京东。,4,3,0.9504513740539551
不要被图片迷惑了，东西太少。,4,3,0.2624422609806061
不错，发货快。质量好,1,7,0.6261126399040222
说好的次日达，收到货过了2天，包装盒也坏了，成了垃圾。无语，,3,4,0.48597580194473267
物流快 包装精美完整 价格也实惠,3,4,0.8153987526893616
我还没收到货半个多月了,1,7,0.3828285336494446
速度极慢，M3就在乌鲁木齐库，发到霍尔果斯用了三天多。更为可笑的是，下单后系统提示：预计十天送达,1,3,0.5322089195251465
挂羊头卖狗肉,9,7,0.3221580982208252
只分了两个区，菜鸟不会自己分，要多一个区就好了 物流的态度超不好,8,3,0.4714571535587311
把返现也会赖了！,9,4,0.52178555727005
真的是越来越差劲了，我帮同事帮家人朋友买点东西，刷卡付款居然成了套利了?!????!!!!!,4,1,0.5370653867721558
好评！上午忘带手机快递师傅放快递柜了还特意给发了简讯提醒。赞,4,1,0.5379194617271423
给家里人买的。据说还不错，回购好几次了。价格小贵。,3,1,0.3936373293399811
一直信赖京东 吃穿用都在京东上购买 质量杠杠滴 赞一个 继续关注中,4,3,0.6636307835578918
质量挺好的，挺好用，满意，ok,4,1,0.5904897451400757
高端大气上档次，低调奢华有内涵,4,2,0.6063055396080017
没有收到货，反映了，目前还没有回应。,3,0,0.6884971857070923
外观漂亮，一肚子垃圾。,2,1,0.4710591435432434
东西 好贵，没见得有多好，拿回来上面也是一层灰,4,3,0.36251363158226013
有没有差不多,2,7,0.7311950325965881
喜欢这个东东，正好有活动，不错,3,4,0.5855231881141663
虎牌保险柜送来打开发现损坏，马上打电话送货的百世物流，不管，态度恶劣。打电话给京东，京东不管，说找百世快运，已经投诉几天了，无反应，老子咒骂他们～京东，虎牌，百世快运，大家千万别买虎牌保险柜，他们包装极差，容易碰坏，碰坏了只能自己倒霉，他们都不管的。老子快疯了,4,1,0.6195382475852966
功能太差了,1,2,0.778186023235321
"用了9个月以后开机也经常死机,不知道是电池还是手机有问题按键也不行,音质也不好,现在要到经销商去看看怎么回事",2,1,0.7015873789787292
帮朋友买嘚...话一点都晤好笑...闷,0,1,0.3588446378707886
表弟说一个大一个小 玩几把 再见。,7,1,0.6571423411369324
实在一般！水壶那么大！怎么灌水！,9,5,0.36953893303871155
不好用，反应迟钝。又厚又重。重新入了苹果。,1,3,0.9592805504798889
很不满意，,9,1,0.5578762292861938
我的是730+，9成新，500元谁要，妈的，我受够了，现在发现波导的质量比较好。,2,1,0.5340365171432495
不是第一次在京东上买东西了，但是这包装我也真是服气了，发个烂箱子就过来了，检查了一下东西没丢，也就没为难人家快递员，你们京东啊，如果评分能负数的话我绝对给你们负五星,1,4,0.6892245411872864
哪有这样的快递，送到京东自提店就不管了?愤怒?,3,4,0.6198753714561462
狗屁，为啥多了50块。,1,4,0.3538445830345154
真的很好用～～,2,5,0.49607038497924805
垃圾，真垃圾，真的垃圾！,1,7,0.7046282887458801
东西一般，东西快递员直接签了，那还叫我收什么。,7,4,0.4350852072238922
听歌不错显示屏幕好,2,1,0.9361425042152405
第一次尝试京东自营！神速！了解一下就知道京东的发展速度！,4,3,0.6346632242202759
不行老是自动关机,2,1,0.9780411124229431
总体不错!!!!,9,1,0.5022915601730347
宝贝收到了，太漂亮了。没有辜负我的期待。特别是送货师傅很辛苦，这么迅速的把货品送到手上。谢谢……,1,4,0.5215888023376465
刚收到货，很好，物超所值，以后还会来的！,7,4,0.4130252003669739
不错 个人感觉还是值得信赖的,7,1,0.7495207190513611
中等大小，基本对得起这个价格，表皮有点粗糙，性价比一般。,3,1,0.4788992404937744
很好，很快，很给力，京东就是不一样，给五星，还有快递小哥辛苦啦，谢谢你们的服务，还会在来。,1,4,0.6843931078910828
很合适，特价时候秒杀的，哈哈很好心很开心,1,4,0.6239449977874756
昨天下的单，显示下午到达，结果今天才到,3,4,0.7050691246986389
做人能不能诚信。以后该怎么做生意？,7,1,0.3043433427810669
配送时间最长的一次购物 以前都是二十四小时内收货的,1,3,0.4232836067676544
不错，确实是正品，好货,5,1,0.41524556279182434
不好，明明买的是领般的牌子，发过来是利堡，跟图片不一样,7,4,0.9513068795204163
全烂了，差评！！！！！！！！！,4,7,0.2932170629501343
能不能用心给挑几个好的，看的好看，但,3,2,0.5413098931312561
一颗星都不想给，扣洞被剪开了，这样的也拿出来卖，醉了,7,3,0.5099318623542786
一直相信京东自营。。支持京东，支持京东自营！,4,3,0.7371817231178284
什么全球最大的中文网上商城，我呸！乱发货不说，客服态度差、处理速度慢、不主动。想忽忧消费者呀？,0,1,0.3357714116573334
非常非常差,9,7,0.7078540921211243
质量挺差，才十来天表带就掉皮了,7,1,0.4647212028503418
快！感觉还行！用用才知道效果,1,4,0.8311433792114258
昨天下单，今天降价300，京东的价格波动我也是醉了~~~可以选择退货么？低分不针对商品...,1,4,0.4603375494480133
做活动时卖的物超所值 值得拥有,7,1,0.4343574047088623
不好 也太小了 什么啊这是 一点也不直,4,7,0.48359280824661255
总的来说还行．,2,5,0.4524807333946228
真心说一句，网上购买的真的不怎么好,1,4,0.36393553018569946
快递慢死了 啊啊啊啊啊啊啊,7,4,0.45590314269065857
品牌的服务真的没得挑剔！！！,5,4,0.6658151745796204
还可以吧，活动买的，价格挺划算。,7,4,0.7930198311805725
老是死机，也不知道怎么上网啊，像素哪里有30万，骗人的，真是没法和NOKIA，三星等手机比,2,1,0.9710296988487244
刚刚到货，还没有用，谢谢,1,4,0.9212715029716492
感觉不是正品，二维码也不能显示，不满意,1,4,0.7080418467521667
品质太差，是苦的。希望店家给个满意的答复。坐等,3,7,0.922368049621582
商品不错，物流也很给力，推荐购买。,3,4,0.3597981035709381
我用过你们的手机还不错加油,2,1,0.9742597341537476
白色的机壳让人觉得亮丽，重量轻携带方便，运行良好切续航时间长，使用很方便。,8,2,0.8705973029136658
坑啊 刚秒杀的，你就降的比秒的还便宜*啊,1,4,0.6184077262878418
什么鬼。。， 不止这个价,7,4,0.50454181432724
挺好用的。摸着也舒服。喜欢。,7,4,0.5150743126869202
屏幕比想象中的要小，分辨率也一般。不过WIFI版上网就是快。,1,8,0.6387750506401062
还行，挺好的，超级无敌好！特别喜欢在京东购物，东西也很不错！我支持你东哥！无限次回购这款！,1,3,0.6213412880897522
快递给力，物美价廉。希望大家放心购买，下次我会再买。,7,3,0.5640298128128052
印象很差很差,9,7,0.6532191038131714
很棒，售后很赞，122不知道贵不贵,5,4,0.5642293095588684
"还没收到货物，订单就“被”完成了！这是新的""服务项目""吧？我想是不是该说声“谢谢”",3,8,0.2784740924835205
帮别人买滴,5,1,0.4670777916908264
一起卖了两台，好用,1,5,0.724492073059082
很不错哦，就是中转速度磨叽死了！,7,1,0.9765264391899109
非常不影响，都皱皮了，如果有实物是绝对不会买的,3,7,0.5944945812225342
送货快速，价格给力，超级满意，值得推荐。送货上楼,3,4,0.5932949185371399
我本来真真的想忍了就算了 忍不了 一开始的确实品质不错 到仅限于我买的第一批 以后的都特么太垃圾,3,4,0.5159856081008911
刚收到宝贝，就降价了，然后联系客服，马上给返还了差价，很满意京东工作人员灵活变通。坚持在京东购物6年，以后一如即往的陪伴.......,1,4,0.7244787216186523
物美价廉，不错 以后还会光顾！物美价廉，不错 以后还会光顾！物美价廉，不错 以后还会光顾！,5,3,0.6299333572387695
说好的送浴巾，最后也没有送，感觉被耍了……,4,9,0.6661914587020874
绝对不是正品。两处有问题，懒得换。上次说好评返现金*，结果好评骗到了，没见返现金！,7,4,0.7383344173431396
打开都是这样的，还能说什么，不会再买了,3,4,0.518531322479248
香港回归的结果附加费更快更好看过了就好看了感觉良好健康,4,1,0.7560548186302185
第一次开机使用就蓝屏，然后使用一键恢复，继而出现提示重启信息，然后往复重启，让人心寒！！！ 提交了返修，审核通不过,8,1,0.982016384601593
快递员 太次了 说不让开箱验货,1,4,0.5293049216270447
第一次购买，还行吧,1,5,0.7636595964431763
看起来不错，希望是正品哦，会一直关注你们的,4,7,0.5223667621612549
打电话对方有回音，手机电池松，估计设急有问题；听筒听电话后耳朵像针扎（不知道什么原因），自动挂机，键盘硬的像石头，功能简单的像弱智，更可气的是售后服务，把所有问题都会归结为网络原因......,2,1,0.5417444705963135
入手之后还没有玩什么游戏 不用用起来还是挺舒服的 屏幕比较大,8,1,0.9829941987991333
一般般，和摆地摊的没什么区别。,7,9,0.36256709694862366
包装很垃圾，标签直接贴在商品上，怎么送人,3,4,0.9405824542045593
好想你了，我的人都有自己的生活方式，我的生活了？我就去买的是我自己了！好吧、有个人都不好玩不好玩的好地方。你是一个人都不好玩不好的人是你自己不知道怎么回家的士都江堰救灾的是自己想要的就是这个了！好累了、有的两只狗的我查查条码比价从前一,7,3,0.48135122656822205
速度快，要加钱，速度快，要加钱，，，，,3,1,0.4224870502948761
永恒之塔，魔兽都是可以玩的，非常不错了，极品飞车一样玩。哈哈,8,1,0.8846375346183777
质量很好。就是因为好，买了多次。,3,7,0.6234744191169739
不错，发货速度非常快，物流非常给力，商品质量非常好，京东商城服务态度非常好，不错，物美价廉，京东商城一直是我购物之选！,1,3,0.5184200406074524
来了箱子是坏的，打开里面也是坏的。物流服务态度差,4,3,0.5510578155517578
物流很慢，一个月才到货！质量很一般，跟十几块的没区别。。。客服态度也很差。很失望的一次购物！,1,7,0.9025819897651672
本来低价机器没什么要求的，但是屏幕和触摸也要稍微好点才行呀！,1,8,0.5775530338287354
给的是白心的 我刚看到我擦 都第二次买了还这么坑,3,4,0.9527139067649841
以前不用报销的都有收据清单，这次要报销什么都没有，客服客服找不到，烦,1,8,0.6230095028877258
感觉受骗了，京东现在的货品质量越来越差。,7,3,0.40782037377357483
既然送不到货，为何还一直坚称当天，已经5天了。客服说确认，有什么用。这算欺骗消费者嘛！,4,1,0.5933708548545837
京东白条申请难度太大差评,4,1,0.8757418990135193
被子太潮了,9,7,0.7190327644348145
产品没用还不知道 但是物流真是让人不痛快 ！,1,4,0.9571221470832825
"经过我的亲身体验，这家店信誉是相当地不错。宝贝的质量更像钻石一般。太感谢了！ 我用我的亲身经历告诉大家，客服服务态度非常好。商品质量也非常不错。顶你了！东西收到,很满意!!真的是超级好的卖家,解答疑问不厌其烦,细致认真,关键是东西好,而且货物发得超快,包装仔细,值得信赖!",4,7,0.8285772204399109
电视是坏的,9,1,0.5359470248222351
对于后台能够自主取消我们消费者订单的京东我只能用差评来回击！被取消了订单也只能自认倒霉，说什么赔我满1000减50的券，劳资买这电视的时候都减了*，而且我也说了不用减不减，只要给我把恢复订单就可以，连这个都做不到，太失望了！以后在京东上买东西小心系统给你乱改吧,4,1,0.9163520336151123
这样的东西根本不用多说了… 但是强制要求50个字以上的评价，而且最起码也要给一颗星，很好的规矩嘛！这些都是在挑战客户的底线吗？京东超市确实让人失望……,3,4,0.49878138303756714
外观漂亮，性能优秀，观看可流畅运行高清视频和当前主流游戏。在同尺寸机型中重量和发热都控制的比较好。,8,1,0.49384090304374695
快递员态度极差，打电话两次推脱说不能送货上门。还说他们不怕投诉，真不知道中通是怎么管理员工的。商品还是好的,7,3,0.35928773880004883
买的前一天送包、买的后一天送包，就是我买的那一天不送包，郁闷、郁闷、郁闷，而且还不补寄，继续……郁闷、郁闷、郁闷。,8,1,0.5511864423751831
啥子好好的东西嘛？就是一般的红富士，说的有赠品才买的，被忽悠了，赠品赠完了嘛，广告就取消了嘛，你不是在害人吗？这商家太不厚道，无包装，送人你都无法送，我也是醉了,3,4,0.37182101607322693
中通太垃圾，到了不通知，很多地方都不送到，得自己去取，京东也太那个了，大件也不用好点的快递。还有有哪位大哥知道麦克风咋弄啊，我的麦克风没声音,8,1,0.4947536289691925
轻便，全球联保，宽电压范围适用。自带摄像头，随机软件比较贴心。,8,1,0.616725742816925
东西很好，快递很快，京东超市非常好,4,3,0.5469661951065063
一个字:太他妈不值了…200元都多了竟然要650！别的就这没啥可说的了，强烈不建议！,9,1,0.5585033297538757
很倒霉的发现电脑的麦克有问题，用skype通话时对方听不清我的声音，已经发回换货。希望只是个别情况。,8,1,0.5513982176780701
和朋友一起买的，喜欢的就是她，京东给我们生活带来太多的方便。希望越来越好。,4,3,0.6436677575111389
很好。。。给力，比实体店便宜，东西正！！！！,1,4,0.5752694606781006
我为什么喜欢在京东买东西，因为今天买明天就可以送到。我为什么每个商品的评价都一样，因为在京东买的东西太多太多了，导致积累了很多未评价的订单，所以我统一用段话作为评价内容。如果我用这段话来评价，说明这款产品没问题,7,4,0.849713921546936
外观很漂亮，货到了，表妹就迫不及待的拆开了,1,4,0.30329859256744385
掌柜的服务态度真好，发货很快。商品质量也相当不错。太喜欢了，谢谢！,3,7,0.9158138036727905
差评给物流，看到已签收，不打电话还不知道签到哪里了，很不满意,7,4,0.6956807971000671
差评！换个货不催不确认 一催了就马上确认重新发货 你说能不差评？,7,4,0.400284081697464
第一次给差评，每次没东西发票都是和东西一起收的，这次没有发票，还要我等几天，等几天照样没看到我的发票呢？什么鬼,4,1,0.5334727764129639
就是霸王条款，送的200元东券要再消费5000元才能使用，感觉被套了。,8,1,0.617323637008667
上午下单下午到，只有京东能做到。,3,4,0.5983647108078003
包装差，连泡沫都不放，直接放在一个纸盒子里！,1,4,0.8876644968986511
垃圾。后悔买了。质量也不好,1,7,0.8925235867500305
？你说一次了！在于今年下半年将有可能被我,1,3,0.32364919781684875
差评买完就降价！每次从京东买完东西都得盯着！是不是降价了！,1,4,0.48607102036476135
妈的 说好的满1000反100也没反 客服就会应付 唉 第一次差评！,1,4,0.5854825377464294
包装很旧，还很脏，有碎屑，体验不好，就给人旧的感觉，太差啦,4,3,0.7897893786430359
速度快，产品优，态度好，京东一直没让我失望！,4,3,0.8000196814537048
外观放库房好几年了吧太脏了,4,7,0.3077653646469116
吾消费京东商城数年，深知各产品琳琅满目、然，唯此宝物与众皆不同，为出淤泥之清莲，使吾为之动容，心驰神往，以至茶饭不思，寝食难安，辗转反侧无法忘怀，于是乎紧衣缩食，凑齐银两，倾吾之所有而能买，东哥之热心、快递员之殷切，无不让人感激涕零，可谓迅雷不及掩耳盗铃儿响叮当仁不让世界充满爱，待打开包裹之时顿时金光四射：屋内升起七彩祥云，处处皆是祥和之气。吾惊讶之余甚是欣喜若狂，呜呼哀：哉！此宝乃是天上物，人间又得几回求遂沐浴更衣，焚香祷告后与人共赏此宝，人皆赞叹不已，故生此宝物款型及做工，超高性价比之慨且赞吾独具慧眼与时尚品位，产品介绍果然句句实言，毫无夸大欺瞒之嫌，实乃大家之风范，忠义之商家。这个商品还真好，非常喜欢，也很欣赏京东的售后服务和配送速度真的不错，买东西就在京东买，选自营没有错更：多正品保障更多售后保障更快到货和退换速度无人能敌，看天下网购发货速度谁最快答京东商城售后服务谁最好答：京东商城配送服务谁最强：京东商城，品质保障谁最棒答：京东商城，正所谓：要问电商哪家强，中国网购数京东我为什么喜欢在京东买东西，因为今天买明天就可以送到！,1,3,0.5702410936355591
快递员送到楼下打电话说：我给你放电梯里你在上面接一下，我说不给送上来吗？他说：这样不是省力点吗？,3,4,0.43863022327423096
地滩货，垃圾，亏我一直这么相信这个品牌，在也不买这家的了,7,4,0.4756873846054077
还可以的。可惜快递像龟是的,7,3,0.5760380625724792
东西很不错，下次还会再来的，老板很牛，快递很牛,4,7,0.46312811970710754
价格贵了一点，其它都还行。,1,9,0.3533020317554474
我想问这是正品吗？怎么感觉被坑啦！,7,4,0.9418883323669434
"让人不会用,数据线是摆设连接就充电,真是活见鬼!",2,1,0.5708966851234436
什么都好就是没开洞，其他没的说,7,1,0.342913955450058
系统升级很麻烦！耽误了几天时间，而且我打电话去客服，一共两次，得到的答案都是不同的，我有点晕了，不是一家公司的么！,0,8,0.7903006076812744
和贱人去的,9,7,0.5987787842750549
一般！！！！！！！！！！！！！！！！！！！,3,7,0.4500958323478699
套餐居然可以没发过来什么都没有，超级差评,1,4,0.5708293318748474
感觉这机子通话回音比较严重，以为是网的问题，换到屋外还是这样，而且充电时间超长，每次充都要1整天24小时，搞的充电器很烫，电池也很烫，感觉这样有问题，电话客服那边，说是要升级软件才行，还有外屏按不亮的，要打开盖再合上，这样太麻烦，准备去客服一起解决。,2,1,0.9069658517837524
总是死机,2,1,0.6390736103057861
按照提示的体重身高买的，大了，醉了。直接当抹布。,7,4,0.5752572417259216
买完就降价了，不给保价，服务超级差,3,4,0.5762424468994141
不好，买完就降价，还有没有点诚意了，非常不爽,7,4,0.8222838044166565
配置太低，价钱不合理，无任何亮点！,1,8,0.874518871307373
还没吃 烧烤买来用的 赶上活动买 还是可以的 一站式购齐所有的吃的 京东很方便,3,4,0.512008547782898
还行吧，感觉可以满意。好评！,4,1,0.5995325446128845
不好 感觉洗了不干净,4,7,0.485187292098999
不好意思，过节忙，忘了评论了。好！很好！真的很好！,7,4,0.37178510427474976
京东的服务真的不错的 机器很好，系统也不是很难装，我很满意很喜欢 以后还在京东买,8,1,0.6170349717140198
刚收到货就降价了*！什么售后什么客服，都是机器人，没解决任何问题！！！亏我这么信任京东,4,1,0.8408492207527161
各方面都不错，刚开始以为送货员把发货单号写错了，结果是邮局弄错了，误会京东商城的送货员了，在这里向京东商城道歉。,8,3,0.6740405559539795
送货快价格低，包装完好，还会购买。,3,4,0.6349032521247864
?好评???好?好评??好??好评???好?好评??好评??好评了?好评！,7,4,0.4015471637248993
不好不好不好不好不好不好,1,7,0.4144188463687897
有毒么卖家，就这东西也要在网上卖，是不是应该摸摸自己的良心,3,7,0.4093705415725708
送货极快，商品正使用中，还行吧。,1,4,0.8978788256645203
非常好，送货很快，很满意，下次还来…………非常好，送货很快，很满意，下次还来…………,1,3,0.6182810068130493
送货快，价格实惠，快递小哥服务好，推荐！,4,3,0.5055007934570312
很一般，没有防脱效果,4,7,0.8966469168663025
好好，比超市实惠，物流快，服务好。,1,4,0.8584056496620178
不给力，物流太慢且包装随意！！！,3,4,0.8290902376174927
给一颗星纯属因为工号9057态度不好 死板生硬,1,9,0.4766661822795868
我也不说啥，上图自己看，就这还是5.31最后一天抢的，第二天没活动价更低了反倒，让舍友笑死了快,4,1,0.6216884851455688
京东快递就是给力！快递小哥也很好，不方便下去拿给送到楼上了，非常感谢！东西也很好，沉甸甸的，保质期到2019年呢！实惠！,4,3,0.6999981999397278
太差，产品差，服务也差。慎重考虑！,1,7,0.5298497080802917
一般般，最受不了的就是京东降价，买完心里很不舒服，而且只有七天价保，什么鬼，刚刚买完就降价一半。。。亏死了。。。,3,1,0.8791331052780151
很划算，今后还会继续购买的！,1,4,0.7778140902519226
用着很舒服，价格也便宜，很实惠，很划算，推荐购买，超值的,7,4,0.9683346152305603
都不错，就是不错，有十个字了吧！！看图,3,0,0.3421386182308197
京东一如既往的好，值得信赖！,1,3,0.8364717364311218
我快件都没有收取到，退款也没收到，问商家却不理人，欺骗消费者，京东请给消费者一个解释,7,4,0.394015371799469
老死机，要卸掉电池重新启动。能安装使用的软件太少了！！！,2,1,0.8098997473716736
太棒了。。。一模一样，我特别喜欢。。。。特别爱。。。。喜欢的抓紧,1,7,0.4989073872566223
送货给我送到别的地方去了，太不负责任了，瞎搞,1,4,0.5705469250679016
东哥不厚道，泡了奶茶妹，以后的评价都是这个了。,3,4,0.7372141480445862
被压过了，还好里面没事，京东的物流如果跟其他快递一样的话还是京东吗？,3,4,0.5657250881195068
卖给女朋友的直接寄到江阴 她那里。东西的好坏没看到，不做评价，但是我想说，之所以在京东买就是因为物流快，可是这次我真的没想到，竟然我用了三天才到货……,3,1,0.4454842805862427
东西已收到。包装盒完好无损。很满意。物流也快。快递小哥服务态度也好。很满意的一次购物,1,4,0.8713763952255249
如标题所述。质量还不错，没在维修上出现问题,2,1,0.7574925422668457
头一次给差评.,7,4,0.3686067759990692
半个多月了都没收到货，也没个说法,4,0,0.41346263885498047
最终在重中之重重中之重重中之重,3,1,0.2635515630245209
东西不知道怎样，不过应该不错,1,3,0.4981725513935089
感觉还不错，不知道洗洗怎么样。,7,4,0.7677501440048218
不好不好不好不好不好不好,4,7,0.4144188463687897
还不错吧，自营物流就是快，好评了！,4,3,0.6937682032585144
男孩子用以现在这个价格买了你就要后悔，如果你注重影音娱乐的话劝你还是买motoE680I吧。内存大点好。我在成都2600买的moto外加200多元买了个512的卡，呵呵。综合来看550w和680i不在一个档次上，680就是照相惨点。,2,8,0.5336115956306458
假货欺骗消费者,7,4,0.5437631011009216
一般，不是佷好，用起来不是顺畅．哎哎哎哎哎哎哎哎哎哎,1,4,0.699381947517395
真漂亮，我喜欢，质量好，跟描述的一样,5,7,0.960681140422821
为什么我早两天买是79.9过了两天就降到34.9 坑我呢,4,1,0.806434154510498
不满，我就想给差,7,1,0.49141427874565125
东西本身还不错，刚购买到货就降价了*不能保价，让人很不爽。,1,4,0.48239046335220337
中国的垃圾人永远是垃圾的逻辑，垃圾的处理事情的方式，CNN,1,3,0.41092732548713684
怎么今天早上发的评价都不给上，这是什么意思？,3,4,0.6459542512893677
活动说可用卷减*元，可购买时用不了，买后也不返现，客服也LJ，退货还说得要发票，可里面根本没发票，看评论说没发票退货还要发扣钱，坑die，连退货都成问题，京东售后太差了，从此以后不在京东购物了，坑die的。。。,1,4,0.608288586139679
不错，物流很快，东西也非常完美，很愉快的一次购物。,1,4,0.3185538649559021
京东一如既往地好，就是6.18物流比较慢，理解,4,3,0.42816343903541565
一般一般一般。。。。。。。。。,1,7,0.5459839105606079
好、好、挺好的就是物流太**了,7,4,0.451700359582901
非常不愉快的购物,1,7,0.5156384110450745
昨天拿到商品，商家说保真，我查了一下，官方网站根本查不到我所买的商品的防伪码，希望京东能打击这样的假货，让客户放心在这个平台消费,7,4,0.469235897064209
不错不错 赞赞赞\(≧▽≦)/\(≧▽≦)/\(≧▽≦)/,4,3,0.7367055416107178
商品还可以，但送货服务员态度极差！,7,3,0.3964131772518158
一如既往地支持京东一如既往地支持京东,1,3,0.8056924343109131
双十一活动购买的，不错，买三免一活动，划算！,7,4,0.8299632668495178
刚买了还没怎么用。不过现在感觉很不错值得入手,1,4,0.8901050090789795
质量杠杠的，物流配送速度快，还会继续购买关注这个品牌。,7,4,0.46885251998901367
喜欢京东购物，公司使用，可开增值税专用发票。,1,4,0.4330775737762451
日真是太垃圾了用了三个月主板就坏了,1,8,0.6101561784744263
送货速度快，服务态度好，京东自营有保障,3,4,0.49158793687820435
刚拆开，盒子好脏，像是被别人用过一样，物流倒是挺快的,1,4,0.8495280742645264
京东什么意思？临近保质期也卖？保质期只有3个月不到，更何况是牛奶，商家真黑心，这次买的牛奶全是临近保质期！原价购买！,4,3,0.5474492311477661
买了没几天就降价了，而且还不退差价，态度恶劣，差评,7,1,0.8457996845245361
质量很好，促销给力，值得推荐,7,4,0.34417545795440674
东西到了，看后30秒，点火烧掉了，好不好我不知道，颜色不喜欢，特难看,7,3,0.5919386148452759
外观看来不错，不过能不能用，等我试试吧?,4,1,0.5562160015106201
我了去，太大了！给力！屌丝男士装13神器,1,4,0.5600307583808899
比超市便宜，送货方便，快递员很尽心，大热天直接送到楼上。,1,4,0.6271563768386841
发货超级慢，到货太晚！,1,7,0.5959188342094421
在**都没买过那么劣质的，与照片完全不符，太恶习了，关键是会不会对身体有伤害啊，一直有毛绒绒的,7,3,0.4828964173793793
送的东西就是个坑，包装就烂了，意思就是想要退货就得花198块钱买这个**会员,1,4,0.5339193940162659
帮朋友买的！机器质量没的说！外观也没问题！配送很快！支持一下！,8,1,0.8355019688606262
不满意，为什么全是英文版，又没说明书，怎么使用,1,4,0.5402815937995911
物流相当快，非常满意！经济又实惠，很快，也不卡！有机会给朋友介绍买。,1,4,0.4066416025161743
不错 挺好的 差不多可以用一年了,4,1,0.7712528109550476
以前用过很好,1,5,0.5896276831626892
17号订单，本身应该18号到的，我二十号咨询，你们说忙，要补偿我京豆520，我没要，只求你们快点，现在呢，22号了，现在打电话告诉我给快递弄坏了，你们怎么回事，我的时间就给你们开玩笑玩的吗？,4,3,0.633281409740448
手机还没用十天就有质量问题，还不能退货了，赠送的30天退货保险还需要什么质量检测证明，我曹的！完全没有原本的退货方便，**！,3,1,0.9966259002685547
非常不好，产品不好都没有问题关键客服素质太差说话态度无语说我照片的模糊,3,4,0.40586045384407043
一般般，一般般，一般般，一般,9,7,0.4990538954734802
才买几天，就有这样的条子，质量不好，有点失望，下次在也不买了,1,7,0.8892046213150024
系统，外观都是挺好的，就是内存凭空消失了4个G的内存！说好的16个G都没有，而且我是在25号早上定的，明明显示是当天到，结果26号早上才到，我希望客服能给我个合理的解释！,1,8,0.8986992239952087
排线容易坏我已经换了几次了啊！而且售后服务特别差,2,7,0.5907554626464844
很不爽……我昨天买*，今天就卖*！价钱这样变。怎么让消费者满意，又不能补差价，还是*，价格如果有差，还会补回给消费者！第一次在京东买，也是最后一次。,4,1,0.6518232822418213
垃圾京东，强行绑银行卡，强行开通京东金融，不能改绑,4,1,0.7794871926307678
电话非常差，打电话时常断线，电池待机时间很短 有时候电话打不出去,1,2,0.692471981048584
东西还行，就是商家太让人失望了，缺货了还让我购买，买了以后告诉我没货，呵呵了,1,7,0.6711148023605347
东西，还没试过，不过就赠品而言也太垃圾了,5,4,0.779074490070343
吴镇小学是嘉善的体育强校，得第一名，截棍的。,3,4,0.21175357699394226
有点不开心，这样好么，刚买完就*！心里难受,7,4,0.790568470954895
正品。跟我在店里看到的一样。,7,4,0.5381893515586853
说好的送货上门为何不送？放到楼下还让我自己去拿、怪不得一直搞不过顺丰、垃圾,3,4,0.4840587377548218
不是说够*送礼品么。。礼品呢。。两个订单走一个快递。。差评,7,4,0.5309785008430481
和看的不符，买时说有发膜，收到的货确没有，差评差评，后悔买了,4,1,0.8064205050468445
好好好好好好好好好好好好好好好好好好好好好好好好,3,1,0.35398566722869873
在京东买家伙就是放心，自营物流特快,4,3,0.665486216545105
物流慢，等了一天,1,7,0.7107511758804321
36 没有气味 还可以对得起价格 很好的弹性 服务很到位很不错,7,4,0.4661933183670044
差差差差差差差差差差差差,4,7,0.49490973353385925
两天就要充电，不知是给的电池有问题还是待机时间太短！以前那个小灵通都没这么烦！机子速度也不快，再加上图形菜单，更慢了！游戏设计得没意思！显示屏不好看，没有朋友那个TFT的鲜艳！,2,1,0.5022770166397095
什么叫地摊货？这就是，草，,7,4,0.37551793456077576
很好很好，简单实用。,4,1,0.5961193442344666
"质量非常好，与卖家描述的完全一致，非常满意,真的很喜欢，完全超出期望值，发货速度非常快，包装非常仔细、严实，物流公司服务态度很好，运送速度很快，很满意的一次购物",1,7,0.6203601360321045
垃圾，到现在没收到货，客户太垃圾了，说帮问问了几天没反映，算了***西没收到算了，。,7,3,0.38517454266548157
说的赠品呢，什么没有，，我选了半天真无语,4,1,0.8841612339019775
还可以，呵呵，值得值得拥有，性价比高，呵呵，可以购买！大家快来！,1,4,0.3720216751098633
刚拿到货。还不知道效果怎样。不过快递挺好的,1,4,0.9229894280433655
1.键盘弹性适中，手感很不错。2.软体操作相当简便。3.价位公道。,2,8,0.6271333694458008
头天晚上看中，没想到第二天活动送了那么多东西！ 这款是从三十几款中选出来的，超喜欢,8,4,0.516425609588623
好不错哦，送货快有保障相信京东。。。。,1,4,0.4432281255722046
五星的产品质量，五星的京东自营快递速度！京东自营产品一直以来都是我信赖的，希望京东自营商城一如既往！????,4,3,0.736016035079956
太坑了，挂羊头卖狗肉，*，还有一放进水，整桶水都变蓝了,7,4,0.3918120265007019
不爽，没赠品。。。。。。。。。,1,4,0.5528563857078552
东西不错，发货也快，晚上定，早上就到了，神速,3,4,0.8029945492744446
还行，正品，618怎么不搞活动呢？,1,4,0.8998715281486511
送货速度很快，美中不足就是刚到货，就降价了。,1,4,0.6924389004707336
刚收的货就看到这些脏点点，太揪心了，班尼路对你失望了,7,3,0.7947573065757751
这就是在京东买的尚品实木沙发 退款比登天难,3,4,0.43117862939834595
不行，亏大了,7,4,0.4433322250843048
太棒了，各方面都很好，破洞很好看，也没大调颜色。稀饭,7,3,0.882919430732727
太慢太慢太慢太慢太慢太慢太慢太慢太慢太慢太慢太慢,1,7,0.3434126079082489
说好的赠品呢？难道只是挂到上面忽悠人的？还有发票也没有，不是说有电子发票吗？在哪呢？,1,4,0.4984486699104309
收到，还没有用，是正品，以后再追评。,1,4,0.982337236404419
发货速度太慢了，物流也慢，网上购物以来从来没有遇到这么慢的。购买的时候显示的有货，等过了几天问怎么还没有发货，客服告诉我说没有货，其他不想多说什么！,1,7,0.3319230079650879
这***写个大大的Lee是什么意思，山寨到这份上了都,7,3,0.49376213550567627
内存太小了 无线网距离也太短 其他的还凑合,1,8,0.7127494812011719
不要相信花花公子的品牌！赠品、买一送一的都是骗人的！我被坑了！,7,4,0.35938894748687744
挺不错的！质量和超市一样。值得信赖！继续用京东，给力又轻松！,3,4,0.6793859004974365
没有收到何来已签收？,7,4,0.37114521861076355
不是京东自营的东西不要买,7,3,0.45914018154144287
扔垃圾桶了,1,7,0.8236798644065857
太伤心了 一网购就京东 结果京东发错货 我这边当即申请换货退货了 可京东迟迟不处理 （因时间来不及 当天又重新买了 ）货已经退回去四天了 客服推来推去 还是“京东上门取货”,3,4,0.45421668887138367
超过10个字才能获得京东豆 我只能说物美价廉了,7,4,0.6241887807846069
性价比还可以，特别是返600后，如果有券的话就更好了。到货快！,8,4,0.47855496406555176
有啥地方考古发掘的横幅反馈,1,9,0.1692168414592743
不行 吸尘很严重,7,9,0.8726457953453064
一般一般一般一般一般,4,7,0.7281933426856995
没有XP得自己安装，而且出现任何问题，只能等待，不能退货，就算刚从柜台提出也一样，有点儿不讲道啊。,8,5,0.9889804124832153
一分都不想给，连个快递都不会送，第二次送到家，要是别人不告诉我几别人百块钱就白花了,4,1,0.37368157505989075
差差差差差差差差差差差差差差差差差差差差差差差差差,7,3,0.29611724615097046
快递员非常差劲！ 竟然让我去拿！态度特别差！语气非常差！非常不负责任！晚送了4个小时给我！最差的快递员！,1,4,0.4845150113105774
就这物流，就这态度，呵呵呵，本来不想要，为了这一个差评，值了。,7,4,0.42763298749923706
LED屏，比我的老HP好多了，清晰。性能不错，日常应用做够用了！,8,1,0.9575845003128052
感觉不错很好，下次还会继续购买，很快。。。。,4,3,0.4445765018463135
京东购物就是快，购生活用品超级方便！,4,3,0.6337077021598816
买来送妹妹当礼物，结果一起下单的礼品包装盒并没有发，也是醉了,1,4,0.7919507026672363
性价比很不错，帮朋友买的一次买了四台，不错。,1,8,0.8890354037284851
质量不错，物美价廉质优，很便宜，很实惠，下次再买的，快递师傅超给力，赞一个！,3,4,0.42135244607925415
不好，不好，不好,9,7,0.413143515586853
失败购物，物流，客服太离谱。,7,4,0.4554648697376251
反差太鲜明，京东以后不敢来了。质量太差,3,7,0.3547389507293701
质量不好，待机时间短，摄像头拍出的相片效果也满意！,2,1,0.6907474398612976
我只想说，刚买了，就降价了,4,1,0.5847449898719788
差评！显示的赠品没送,1,4,0.5597065091133118
好咯哦咯哦哦 Joe look 内膜进行了，凑骷髅头一轮OK咯哦,7,4,0.7168466448783875
1、是日本的。2、索爱的机器不耐摔。3、产品售后服务不到位，即使在大陆的较大城市。,2,8,0.7447533011436462
太干巴了，，，，和照片差距极大。。。。。。。。。。。。。。。失望！！！！！！！！！！,3,7,0.8301646709442139
外观不错，屏幕大，显示效果好，侧看也看得清楚屏幕画面。送货快，赞！,8,1,0.9691418409347534
还不错真的我买过几个了，质量还是过的去的。时间用的长不长现在还不知道。。。,1,4,0.6387628316879272
京东快递很快，就快递可以，其他就很普通。,7,3,0.7325506806373596
11月25下单 12月7号才收到 要不是不给星不能评论 我特么一星都不给 绝对差评 马上退货 要买的慎重了,7,3,0.33670032024383545
用来放高清，用hdmi接到电视上效果真的不错，哈哈。以后试试当BT机用,8,1,0.9853662252426147
东西不错，挺喜欢的，价格便宜,7,1,0.3063511550426483
黑边比较大，其他还好，耗电控制的不错,1,8,0.5549300312995911
本来抱着试试的心态，没有想到物超所值！宝贝包装的也很好。客服态度很好！很贴心！物流也快，没两天就收到货了！真是一次愉快的购物！,7,4,0.8355950713157654
很好用，而且实惠！,5,4,0.6579551100730896
哎，不好用，真不好用,1,4,0.5934703946113586
真是懒得换 还得邮走 漏了不说还都是灰,4,7,0.515537679195404
双12一点都优惠差评.......,1,4,0.5446581840515137
东西很好，我很满意，发深圳隔天就到了。,7,3,0.3382832705974579
大品牌有保证，一次愉快的网购!,1,4,0.5776493549346924
待机还挺长，性价比较高,2,1,0.7436970472335815
服务态度太差！,9,7,0.388064444065094
商家客服都是托儿所出来的，不理人,7,1,0.3442545235157013
京东这样真的好吗？我才放了一天而已。明显故意的。很无奈,3,4,0.4755553603172302
太脏了，全是刮痕，跟垃圾桶里捡来的,4,7,0.6330251693725586
通话经常掉线 信号不稳定,1,2,0.6380730867385864
别人推荐的说是很好用，打算试试,4,1,0.39553195238113403
正品，一直喜欢这个品牌，包装精美。,7,4,0.9171401858329773
用了几天感觉还是不错的，就是大黑边有点尴尬～～鲁大师跑分说还行吧，性价比挺高的，用个两三年应该可以的哈哈,1,8,0.7073591947555542
不错。多次购买了。 自营的快递速度真是没话说 杠杠的！沙沙随啦。老哥们。开车一定要记住直播哦?,3,4,0.8304621577262878
不想多说,9,7,0.4974842369556427
不错，一直在用，很喜欢。全家用,4,1,0.4467625319957733
很好，非常实用。快递很快的。,1,4,0.665778398513794
相当差劲，waif没信号,9,1,0.6804031133651733
产品我先不评价，刚刚收到，用一段时间在追评。不过快递小哥我给满分，本来昨天到的包裹今天到，有点不愉快。但现在没了，满满的感动，今天深圳大雨快递小哥雨中送来就不说了，我的地址是代收点，要掏费的，我在上班没接到电话。快递小哥给我掏了钱，我不知道他工资多少，但是这让我十分感动！钱不多但这样做的我第一次遇到，昨天我还催单，说了些不好的话，我现在收回并道歉！这快递给满分，绝对给力！,1,4,0.72919100522995
京东的服务真的很差！很差！很差！客服人员真的很懈怠！再也不来这买东西了！恶心完了！,7,3,0.870802104473114
"质量非常好，与京东描述的完全一致，非常满意,真的很喜欢，完全超出期望值，京东发货速度非常快，包装非常仔细、严实，京东快递服务态度很好，运送速度很快，很满意的一次购物",3,4,0.5279028415679932
太坑了，买了东西以后价格就下*申请价格保护还不通过！后来和*较一下，也要贵一些！这次京东购物很不满意！！购买时说什么六一八活动，结果还被坑！,4,1,0.8269311785697937
不错，正品，物流是相当快，比起之前几年的6.18强很多。希望能帮上你！,1,4,0.8032515645027161
经常死机，买了不到一年现在就不能用了，因为完全的环了。都不能开机了！气愤阿！,2,1,0.7525853514671326
相素太低，速度也很慢,1,2,0.9182254076004028
感觉样子还可以，就是机身有点厚拿在手上有点重.前端的面板设计的挺漂亮的，是铝合金的很有质感，只是红色的LOGO是个败笔，内屏看起来有点小，但是颜色做的不错,2,8,0.6332560777664185
机器很好，正品速度快 包装精美 会一直来京东采购,1,4,0.5209373831748962
一般般而且宣传有虚假信息，不建议购买。,1,7,0.25253403186798096
本子外观不错，可惜显示稍差，真心这个价位这样的显示效果，我只能说，太差,1,8,0.9731676578521729
信赖京东自营，售后服务快，产品保证原装正品，送货小哥速度快，态度好。,1,4,0.4539368748664856
恶心，一股子酸死，颜色还不符，大家顶上去，让所有人看到,7,3,0.9552860856056213
送货很快，第二天到贸。服务态度给百分。,4,3,0.5611115097999573
还不错！挺便宜。京东配送，速度就是快！,1,3,0.5910492539405823
6.18买到现在才收到货！催一次！快递走一下！,4,3,0.46915727853775024
声音不错，当个小容量的MP3听歌很好。,2,1,0.8025869727134705
一股味，这么垃圾,7,4,0.49658724665641785
一般，就是买小了，留言60升，结果发来是40升的，售后看到留言是60升的，应打个电话问下吧，海，售后没用心，本想退的，凑合着用吧，,5,4,0.44371744990348816
不想说了，累,1,7,0.724053144454956
已经是第九次购买了，质量很好，用着放心，下次还会继续光临！,5,4,0.6405258178710938
如果选择周六日订货就只能在周四左右订，否则超过三天就要求用户取消订单重新订认为不人性化，应当是在10天内在用户的要求下都可以才好,8,4,0.4799762964248657
不知道有没有跟我一样纠结于，M3和M3青春版之间的呢？,1,0,0.9266180396080017
就想给个差评，给京东这几年的服务。,4,1,0.4327702820301056
物流太慢了，而且没有更新，手感有些硬，,7,1,0.39205530285835266
好的东西就要分享，性价比超级喜欢！给大家强烈推荐！京东自营的东西有保障，也有口碑，谢谢京东给力的服务！让我们小众们生活得到了改善！,4,3,0.796450674533844
一般，没有特别的独到之处。价格方面也没有太多的优惠，反正总体来说，就是一般一般啦,9,8,0.5068718791007996
除了大，不怎样！价格偏贵，自带后台软件骗流量，不纯洁，有阴谋小心！,1,8,0.37717971205711365
以小重大，哎社会就是多了这样的商家。才让人与人的信任一点一点荡然无存。315应该多一些规则,3,4,0.42114293575286865
很好(?▽?)，京东自营购物就是便捷,7,3,0.7843061089515686
很好，都是正品，质量和包装都很好，下次再来,4,7,0.562596321105957
和图片有很大相差，不怎么好，后悔买,7,3,0.7497951984405518
玩CS的时候有点卡，看高清CPU占用率40%，内存1G小了点需要自己加，没带刻录软件！,8,1,0.6889995336532593
一直在这买，不错。这个算下很合算。快递小哥特好，送家了。,4,3,0.5046484470367432
很块多次购买质量好很开心的一次购物下次再来了。好评,4,7,0.6825688481330872
正品，包装没有开封过。PS：我上次买了个手机，包装都是打开了的。运行速度快，散热好！还送了包包和内存条！把附送的内存条装上运行速度快了很多！,8,1,0.9516732096672058
不好用，内存小，开关键设置的地方经常会碰到了锁屏，麻烦，太重了,1,8,0.6074084043502808
卖家态度极差,1,7,0.6958879232406616
不好不好不好不好不好不好不好不好不好,3,7,0.3582276403903961
只想说一个字，卡,1,7,0.7108274102210999
我的机子音箱听起来刺耳 跟手机喇叭似的  不知道其他人的怎样。。。摄像头塑料的感觉被摸过脏兮兮的，材料问题？,8,1,0.9286917448043823
最失败的一次订购，不知道是那个环节出错了，要不是盒子让我拆坏了肯定退货。,4,1,0.8185554146766663
有异味，以前购买还有盒装，这次直接用袋装，感觉最差的一次购物,7,4,0.9886839985847473
一般吧，价格变动太大，有时候还买不到，购物体验不好,1,4,0.357246071100235
感觉还可以，有机会再回来追评，到手有九个G的空间,1,4,0.4063611626625061
买完降价 根本不知道京东自营商品为何不宣传,4,1,0.4829070270061493
没有想象中的那么好,1,7,0.8759695887565613
太希了，再也没有以前质量！！！！！！太希了，再也没有以前质量！！！！！！太希了，再也没有以前质量！！！！！太希了，再也没有以前质量！！！！！！太希了，再也没有以前质量！！！！！！太希了，再也没有以前质量！！！！！！太希了，再也没有以前质量！！！！！太希了，再也没有以前质量！！！！！！,4,8,0.40730857849121094
做活动的时候涨价*，以为是在做活动的时候能便宜点，大骗子,1,4,0.6437219977378845
下大雨，快递小哥一样风雨无阻，东西也很漂亮，京东还是一无既往的值得信赖,1,3,0.6050434708595276
替朋友买的也不知道好不好，给个五分把,5,1,0.752737283706665
东西不错，质量也挺好，有机会再次购买,1,7,0.6404420733451843
刚买就降了***。搞什么618大促销。还不能价格保护。差评。,4,1,0.6821547150611877
但比108多了挂绳孔,2,5,0.3552440106868744
还不错值得购买挺好用,4,1,0.873684823513031
唉唉唉唉唉唉唉,9,4,0.5993826985359192
一次特别不满意的购物，投诉无门，17号到了配送，一直等到24号，客服电话打不通，给114打电话才找到了呼市的配送网点的电话，才知道有部分商品丢了，期间也没人打电话告知，还是自己打电话问出来中途包装破损丢了，如果一直不打电话估计杳无音讯了，最讨厌的是想打电话问问什么情况，没有专门的投诉窗口，这就是京东，第一个用这个软件，却让人特别失望,4,1,0.37815049290657043
期间客服来了两次电话，包括晚上快11点还打来了一次，苦苦央求我把退货改成了换货。,1,4,0.26218777894973755
外观漂亮，商品质量很好，服务好，送货快。,1,3,0.35222265124320984
京东配送是个大坑。电话不打，直接把货仍在别人家。也不跟对方确认，扔完就走。,1,4,0.49450263381004333
东西还没收到，居然就已经完成收货，坑,1,4,0.5509144067764282
说好有赠品的！货到了！赠品没了！欺骗 消费者,4,1,0.6934970617294312
"看了楼主的发言,不由得精神为之一振,自觉七经八脉为之一畅,七窍倒也开了六巧半,自古英雄出少年,楼主年纪轻轻,就有经天纬地之才,定国安邦之智,古人云,卧龙凤雏得一而安天下,而今,天佑我大中华,沧海桑田5000年,中华神州平地一声雷,飞沙走石,大舞迷天,朦胧中,只见顶天立地一金甲天神立于天地间,这人英雄手持双斧,二目如电,一斧下去,混沌初开,二斧下去,女娲造人,三斧下去,小生倾倒.得此大英雄,实耐之幸也,民之福也,怎不叫人喜极而泣.......古人有少年楼主说为证,少年之楼主如红日初升，其道大光；河出伏流，一泻汪洋；潜龙腾渊，鳞爪飞扬；乳虎啸谷，百兽震惶；鹰隼试翼，风尘吸张；奇花初胎，皇皇；干将发硎，有作其芒；天戴其苍，地履其黄；纵有千古，横有八荒；小生对楼主之仰慕如滔滔江水连绵不绝,海枯石烂,天崩地裂,永不变心.",1,0,0.550435483455658
轻，非常轻，很好，比期待中好很多，这次发货也很快隔天就收到了！,8,7,0.4962838888168335
味道一样，感觉与实体店里的不太一样,4,3,0.49082082509994507
东西不错?，给老婆大人买的，还行?没买贵,4,1,0.6322846412658691
卖家服务很好 发货速度快 快递员人也很好 售后服务超好 就是冲着服务买的,5,7,0.47772589325904846
要的一个赠品没给啊，请回复,4,1,0.523562490940094
别买了，分量比实体店少很多很多,4,3,0.7690844535827637
非常喜欢，纠结了好久才买的，好喜欢，非常好用。,1,4,0.7751089930534363
不错 确实不错 质量更更的，京东直营 值得推荐,4,3,0.41870155930519104
手感很好，做工也比620要好，和三星的X458有一点像，采用的是贝壳设计，外观漂亮，内屏又是蓝屏的，更是深受广大朋友的喜爱；加上16和弦音声音更动人，更逼真。,2,8,0.8668245673179626
好好好好好好好好好好好好好好好好好好好好好好好,7,1,0.36342257261276245
但意就太貴了呀,2,7,0.5421389937400818
上当了！质量不怎样！,4,7,0.879750669002533
挺好的，速度挺快，也挺好看，物流很快，上午下单，下午到,1,4,0.2692527174949646
京东自营就是好，质量有保证，而且物流速度够快，晚上十一点下单，第二天中午就能收到。不错！其他物流是没法比的！以后买东西就买京东自营。,1,3,0.7883124947547913
挺棒的！,1,5,0.5713436603546143
买了好久了 忘记评价了 一直在用 挺好用的 不错 好评,1,4,0.8493009805679321
东西非常好，购物很满意！东西非常好，购物很满意！,1,3,0.6631088256835938
什么玩意 农药的味道那么大怎么吃,3,4,0.5101708173751831
货还没到，就差价50元，不退钱，只退京卷，卷还直接用不了,1,4,0.5447207689285278
亲们，千万不要在上当受骗了，真心不好，很失望的一次购物,4,7,0.3067777156829834
售后服务太差,7,1,0.5073710083961487
京东服务越来越差，差价不退，等我是铜牌会员的时候京东的钻石会员59免运费，当我是钻石会员时79才免运费，然后几天后变成了99免运费，一家之言霸王条款，就是想让你多买凑单多消费,3,4,0.6553034782409668
完全不会发烫，425的CPU在耗电方面绝对放心。,1,8,0.9710842370986938
还不错吧，送货也比较快，一次买了两个，还行,1,3,0.9172160029411316
屏幕老是失灵,1,2,0.7104979753494263
不行啊 客服让我很伤心啊,7,1,0.47503000497817993
颜色不真实！！！不知道怎么设置，看着很不舒服！！！谁给指点一下,8,2,0.4376312792301178
货不对版还是要到实体店比较好。,1,7,0.7497380375862122
不满意，15号以前877元，16.17号899元，18号849元，19号899元，20号（今天）848元，我是17号买的，价格899元，请还我50元，谢谢！,1,3,0.4145912826061249
对这次京东的配送员很失望，竟然把东西放在了我不知道的地方，要我自己去拿，很无语，配送员差评！,1,4,0.4553969204425812
非常之高大上,1,2,0.392638623714447
员工最重视的事情：晋升和加薪。  权和钱！哈哈哈！,0,1,0.29457932710647583
郁闷，昨天下单104.5，今天就95，真是无语。,4,1,0.42096418142318726
很不错哦！刚开始买有点担心，正品，大家可以放心购买哦，材料费一百八，倒也合情合理，,5,4,0.45147764682769775
买的东西太多，来不及一一评论 暂时都不错，就是这样子的。。。。,3,4,0.44850221276283264
好舒服好舒服好舒服好舒服好舒服,7,4,0.45763885974884033
烂京东，第一次在这买东西都被坑了,1,4,0.42136430740356445
发货速度挺快的，送货也快。东西挺好的，唯一不足的就是没有袋子,1,4,0.6295468807220459
我色盲，看错了?,7,1,0.7751902341842651
为什么不能零星,7,4,0.3715958595275879
这么实惠还弄这么好箱子，成本不小，很有诚意，很好，一次买了很多,3,4,0.7337821125984192
物流太不给力，乖了一个多星期！,7,4,0.3556365370750427
说可以开耗材，买了又不能！！,7,1,0.675779402256012
还是国产机的老毛病电池容量及低，不拍照还好，一拍照估计能用两天就不错了,2,1,0.7691978812217712
质优价廉，送货快，送货员态度好,1,3,0.45456087589263916
"不能当时提供发票,说给邮寄,现在还没有收到发票,感觉被欺骗了",9,1,0.3547403812408447
刚买了就掉价，还什么鸟秒杀，京东也越来越假了,1,4,0.8124529123306274
订的29，发的28→_→第三方越来越6了,7,4,0.9002975821495056
真的真的很好，售后也灰常尽力，好评,5,1,0.3326772153377533
下次不买这个牌子，也不在京东买东西了……,7,4,0.7284109592437744
很好很好很好很好很好很好很好很好很好很好很好很好,3,1,0.3675266206264496
还不错 物流一直比较给力,1,7,0.27565425634384155
信号非常好，不错，接收很快，外观也可以，大赞?,1,2,0.7459670901298523
"质量非常好，与卖家描述的完全一致，非常满意,真的很喜欢，完全超出期望值，发货速度非常快，包装非常仔细、严实，京东快递态度很好，运送速度很快，很满意的一次购物",3,7,0.5032066106796265
什么玩意，特别垃圾，那些小的是什么东西,4,3,0.9079868197441101
发货就不看的吗，直接送过来这货色！,3,7,0.7185285091400146
商品不错，和想象的一样。,1,7,0.3958755433559418
我只能说买了个垃圾，这做工这质量真的没法形容了。建议大家不要在这家买了，不知道为啥，京东的东西越来越假了。,7,3,0.49784141778945923
这么快就降价了？？怎么回事？价格100,1,4,0.6662894487380981
每次开机时音箱都有杂音，必须关机重启才可以，现在又不超过7天，但京东没货，换不了 痛苦~~~~,8,1,0.9246160984039307
质量一般,1,7,0.8230629563331604
已经第二次购买了，超级划算的，味道也好,4,3,0.7189117670059204
东西收到！和想像一样。没失望！还在体验中！后期再评！物流点个赞！,1,4,0.6083303689956665
有活动时比超市划算多了 除了新疆阿克苏就是买华圣了,3,4,0.9365331530570984
不错不错不错不错不错不错不错不错,3,1,0.5970642566680908
屏大，体看起来舒服,2,1,0.8176205158233643
真心不要在京东买这些东西，刚买的就降价！！！的.！！,4,1,0.5425102114677429
物流太慢，一起买的，这个慢3天，还是同一个快递公司。,7,3,0.6938693523406982
挺划算的，质量还不错，就是物流有点偏慢,7,4,0.6022821068763733
用了再来评价,1,5,0.8673946857452393
6.18又剁手了好几百块大洋，不过比平时买要便宜很多，一直信赖京东，尤其是快递小哥每次都给送到家里，今天顶着雨给送来好几箱子的货。,4,3,0.43369174003601074
优点 外观，价格,1,2,0.9773285984992981
东西不错，不过有人不太喜欢镜面的，我个人比较喜欢，总之还算满意。,8,1,0.7371944785118103
是的吧 挺不错的 用用看怎样,4,1,0.6193805932998657
商品还行，客服很差劲，售后差到不行,4,7,0.5815110802650452
按键做的挺好，很大，充分利用了空间，用着挺不错,2,1,0.7507110238075256
不错不错不错不错不错不错不错不错不错不错,4,1,0.5075678825378418
味道太大了，很臭！！！！！！！！！！！已经扔了,7,4,0.7230494022369385
什么意思啊。刚买完就秒杀活动，*买的，现在*现在都在怀疑你们的产品了……,1,4,0.7911061644554138
稍微买小了，建议买大一点的，不过真的很好用,5,4,0.5925353169441223
京东的屈臣氏苏打水是假的，评论出不来,3,4,0.9641007781028748
2009-5-3 17:25:00下的单，在天津一个星期才送到的，订单上写的是京东送货，但打过去一问是总部找的第三方送货公司，态度恶劣，还不如自提呢,8,1,0.46569982171058655
看图片好像不咋的，但是实物挺漂亮的，有点像商务机，手感不错，配置也均衡，家用完全OK，,8,1,0.776216983795166
我不想多说了，不满意退款，我直接拒签的，然后139直到现在一个多月了还没有退回来，客服推银行，银行推客服！！我不想多说，不解决问题不删评论，气人！,7,1,0.8232247233390808
可能跟天气有关吧，有的芯儿已经坏了，总体还是不错的。一直购买中……,3,1,0.3588399887084961
朋友推荐的，用起来真不错，以后就它了,4,1,0.5045263171195984
速度好慢，送货的人也不给力,1,4,0.5572493672370911
晚上订，第二天早上就收到，配送速度快，收到打开看完好无损，机器反应快，屏幕清晰，暂无发现问题，希望电池不让人失忘，希望耐用。女票很喜欢，办工在也不用拿笔记本电脑了有它就行,1,8,0.5567188262939453
也就那样吧。没看出来有多么多么好，一般般。,1,3,0.5713040828704834
真是垃圾，草，送了10天才到，问客服啥都不知道,1,4,0.538033127784729
差评，东西没送到家里，只送到乡里，快递太不负责。,1,4,0.5632025599479675
还行还行还行真好真好正品,1,4,0.4061131477355957
不错，买大了，重新换了一个小的,7,1,0.36878496408462524
东西很好，对京东一直很信赖，希望京东越来越好，京东的产品也越来越好～,1,3,0.8134225606918335
目前有个疑惑：按最左边的电源按钮可以开机，按旁边的那个触摸点也可以开机，为啥呢？,8,1,0.6974491477012634
配送员服务挺的，东西用着也不错,1,4,0.5740076303482056
东西非常好，也非常便宜，快递小哥服务也非常好！！！,4,3,0.489502876996994
不错，感觉很超值！京东这次送货很快！！！不错，感觉很超值！京东这次送货很,8,4,0.4759290814399719
如果活动一直不结束，总感觉有种被欺骗的感觉，哎~~~~~~~~~~?如果活动一直不结束，总感觉有种被欺骗的感觉，哎~~~~~~~~~~?如果活动一直不结束，总感觉有种被欺骗的感觉，哎~~~~~~~~~,8,3,0.33131876587867737
复活节开门吗你敢发防腐剂交话费方法和姐姐家,4,3,0.3957490921020508
首先确实要夸奖京东快递真得非常棒，送货小哥的态度也超级好！,7,3,0.5739912986755371
还好，不是那么好,9,7,0.32342877984046936
能打负五星吗！？京东配送？寄了一个礼拜！压货压几天。不打电话还不送！说什么货太多来不及送！要脸吗！？,4,1,0.5518253445625305
还过的去吧,2,5,0.37239283323287964
不知道怎么样，反正最近买的东西少称的比较多，,3,4,0.9112823009490967
太坑了，*钱就这一点点大。上当受骗了,3,7,0.38245266675949097
买了3台，坏了两台，一台开不了机，一台屏幕花了,1,2,0.7710282802581787
莫名其妙的死机,2,1,0.6453843116760254
十分好、大品牌各方面表现不错,1,2,0.42045319080352783
发货速度非常快，服务态度超级好，性价比很好，买的很值得！,5,3,0.3642730712890625
垃圾京东平台，垃圾京东客服，坚决退货，叉叉叉叉,1,4,0.4381748139858246
美国学龄儿童家长进了调查。调查发现：高学历父母对子女教育的参与度更高。他们注意培养子女的兴趣爱好（如：芭蕾、足球等），投入大量时间教孩子阅读，并更关心孩子的心理健康。同时，他们采取更温和的教育方式，较,4,0,0.95896315574646
是真慢啊！买了几天了，现在才到，还能送错地方，服了,3,4,0.5690260529518127
昨天下单，今天到！快！99.9两大两小，省！包装给力，好！,4,3,0.9057519435882568
质量挺好的,5,1,0.3921292722225189
包装是打开的  外包装条码被撕 掉  里面也有个条码被撕掉   但是机器没问题   看了评价 很多人 都是这样,8,1,0.9058653116226196
不好不好不好不好不好,1,7,0.4496418237686157
发货速度慢，个别客服服务态度差，遇到问题相互推诿，满满的失落和失去下次购买欲望，唯一值得表扬的是电话投诉过处理很快，不记得工号了在此感谢,1,3,0.27380529046058655
喜欢京东的理由就是快，发货快，送货快，宝贝收到了！正在安装，给孩子做作业用，希望不要让我失望！,1,5,0.9697750210762024
"送过来的机器屏幕是1680*1050的,不是介绍说的1440*900.分辨率高后字太小,看文档不方便..",8,1,0.5238949656486511
说好有些赠品的，没见有,1,4,0.8354499936103821
没有HDMI。还有就是下乡补贴产品，怎么没有那个卡呢？还想补贴一下，结果没找到卡，奇怪！,8,1,0.9589262008666992
一句话形容吧：真TM是日了狗,9,7,0.5217891931533813
价廉物美。东西还不错价廉物美。东西还不错,1,3,0.7286413908004761
商家提供不对，买回来好小。,4,3,0.6470967531204224
质量一般，京东现在没有以前靠谱了。,7,3,0.5374202132225037
样样一般,9,7,0.5349786877632141
内存占用太多，剩下了几个G的内存，算是比较满意吧。,1,8,0.6421413421630859
大一直用这个奶粉，孩子很喜欢，每天早晚一次，非常非常好,3,4,0.46482977271080017
有点被忽悠的感觉。四核2g运行16g内存乞丐版。,1,8,0.6424451470375061
主机还未发现问题，可配套的产品质量太次了，半个月，从未摔碰过，塑料保护套四个角竞然开裂掉了！！,1,8,0.8241602778434753
VISTA用起来不习惯，速度慢，分区麻烦，带了很多垃圾软件，卸载都麻烦,8,1,0.6024364233016968
6.18买过东西，过价保就掉价，客服不给受理，在京东买东西很方便，送货快，要么才不在京东买，不过以后在买东西只有差评、,4,1,0.4812026619911194
速度像蚂蚁，非常不满意,7,1,0.4917909502983093
京东购物很给力，支持京东！！！,7,3,0.6349912285804749
麻求烦我东西二十多天了没收到。咋倒评价的了，够买咨询了也没有人理，大家购买时请慎重。谁能给个说法？,4,3,0.606562614440918
既然没有赠品，广告打的好，送赠品给我，忽悠人。,4,1,0.5953618288040161
价格实惠 家用实惠装啊 活动购买的 很满意的一次网购 家里人很喜欢用这个 好评 有机会再来了,4,5,0.6732293963432312
物流服务非常满意！！,1,3,0.35212963819503784
不是很好，而且配送员没丁点礼貌,7,3,0.4582059383392334
昨天订的今天就到货快递小哥真给力，还没开始使用，只有用后在追评了，就是怎么没有开发票，按理说电子产品发票应顺产品一同寄出的。,1,4,0.7487838864326477
包装完好无损，送货速度，产品更是没得说！,1,4,0.663145124912262
妥妥的差评，看你介绍的和发来的是一种吗？ 大街上甩卖的都这样吧？,7,3,0.5696411728858948
买了很多东西！希望京东严格把控进货渠道，不卖假货，保证消费者权益！！！！,3,4,0.5535205006599426
买完就降价，还不让人申请价保，这次要*格还送了一大堆礼品。对京东是越来越失望了,4,1,0.9314498901367188
收到货打开发现竟然是打开的，让我十分恼火，又不想浪费时间。,4,1,0.6927544474601746
帮朋友买的，说的包装特别烂，用着也不怎么好,1,4,0.6720691323280334
不好，，京东客服是个特色，你买东西出问题你就会明白，你根本是找不到人的,4,1,0.4583311676979065
感觉不怎么习惯，还是实体店买好一些,7,4,0.7368781566619873
好、好、挺好的就是物流差了点,7,1,0.31711965799331665
挺好的，帮朋友买的，送货也挺快的！,5,1,0.4244837164878845
还可以吧 价格有点小贵 第一买 总体来说还是比较满意的。以后会多多来的,7,3,0.550467848777771
很好很舒服很好很舒服很好很舒服,7,4,0.44584426283836365
不错物流给力，值得信赖，正品，,1,4,0.7485589981079102
第三次购买了，给朋友推荐的，大家都认为在家货物美价廉,7,5,0.5405740141868591
东西没问题，不过京东服务太垃圾，以后不能上京东买东西。,4,3,0.569670557975769
公司采购礼品快快块。。。。京东服务值得信赖。。。质量很好。。。京东快快快次日达,1,4,0.43086162209510803
质量很一般，数据经常得重整，屏幕小！,2,1,0.9266089200973511
京东自营的送货现在也不上门了，不投诉不给送货上门。你的承诺呢？,4,3,0.48711395263671875
上午下单，下午收货，品质保障，购物首选京东自营。,4,3,0.7085106372833252
艾玛。误导消费者。特小。不像图片辣么大,4,3,0.8164467215538025
京东211实效内未能送货，不遵守条约，购买需谨慎！！,3,4,0.5909532308578491
赶上搞活动买的，比官网还便宜，做工很精致，看起来很高大上，快递也很给力！,1,4,0.4127860367298126
京东就是垃圾！和第三方卖家一起垃圾到底,4,1,0.5292048454284668
很薄,2,7,0.45249560475349426
收货时机子外壳的保护膜有气泡。保修卡没盖公章。不知道其他人都是这样吗。 穿越火线跑起卡 。,8,1,0.9464804530143738
是我喜欢的类型，昨天下单今天就到了,1,4,0.6988601088523865
不好，有味非常刺鼻，而且还慢！,7,4,0.7661856412887573
这是网购真的很失望，简直就是骗人。跟本就不一样的货，大家不要买，不知道京东怎么弄的，，会让这样的商家进来京东。对京东也失望了，，,7,1,0.3631240427494049
我为什么喜欢在京东买东西，因为今天买明天就可以送到。我为什么每个商品的评价都一样，因为在京东买的东西太多太多了，导致积累了很多未评价的订单，所以我统一用段话作为评价内容，省时省力，还能得京东豆。总而言之、言而总之，在京东买东西又好又快！我为什么喜欢在京东买东西，因为今天买明天就可以送到。我为什么每个,3,4,0.6649754643440247
晚上买，第二天就特价了 幸好保价 还有就是客服服务没有以前热情了 给个好评吧,1,4,0.6747402548789978
外观不错，手感也很好，非常喜欢,1,2,0.638359010219574
京东不讲道理不给退货，枉我曾经那么信任你们,1,3,0.37576988339424133
性价比极高，我在苏宁买4699，东东才4399.功能很全，用起来很满意，够用了。,8,2,0.47264668345451355
适合旅行，不适合商务,9,7,0.31082868576049805
货还算可以，快递也快，就是今天下单，明天就掉价，取消不了单，坑人,4,1,0.4585954546928406
垃圾发货又慢。,1,7,0.8404677510261536
还可以洋酒请桶还可以将就还可以洋酒请请同请同还可以将就将就请哎呀好好好好好好,1,4,0.435212641954422
买3免1抢的，非常划算，质量还可以,7,4,0.6039626002311707
一直购买，性价比高。一直购买，性价比高。一直购买，性价比高。,1,4,0.42860767245292664
东西不错，跟描述的一样，五分好评了！,3,4,0.28947556018829346
我希望我每次买东西，我的地区都可以有。,1,4,0.38131776452064514
排线很容易坏，我买了不到2个月就出问题了,2,7,0.5394395589828491
买过好多次，质量还不错，以后还会买。,3,7,0.7028301954269409
发货速度快，送货员服务细心周到，提前电话通知货即将送到,3,4,0.5296040773391724
"定单5216523与6月3号要求处理补发赠品.现在已经20号了,仍然未补发.这服务也""太到位""了吧,买了东西就甩手不管了?难道这就是京东一惯的""作风""?现在都出了大礼包了.要求给一个满意的结果.不要一拖再拖!!!(而且我们拿到手就发现键盘问题,已经拿去修了.才买几天啊?)这些结果都让人都郁闷!!!",8,1,0.41495421528816223
买的时候说秒杀，没收到就降价，还说秒杀不保价，真是醉了,3,4,0.653144896030426
挺好的，材料很好，比较喜欢,1,7,0.7953318953514099
送来就是坏的，点不亮，也怪我粗心没试就刷卡收货了。搞得我还要自己去话说维修点检测，然后才给换，折腾到现在机器还没用上。在下单的时候有个选项，是否让京东代为试机，点一下就可以了。京东质检部门应该注意一下,8,1,0.9503569602966309
已经买两个了，用着还不错,1,5,0.5761302709579468
早上下的单，下午到的，一直都支持京东的商品，质量好，送货速度也很快，我去年买的M2给女儿用，今年自己也买了个M3，感觉不错，M2好用，相信M3也会满意！,1,4,0.827600359916687
好，值得购买，用的好下次再来！,3,4,0.4598132073879242
给朋友买的，肉疼，肉疼，肉疼，肉疼,4,3,0.33952251076698303
读书后学了好多知识，使用起来也很方便,0,1,0.8423160910606384
很好的机器，买了好几台了。趁价格便宜，赶紧再给同事入手两台。,1,8,0.8896781206130981
偏大，还有发货太慢了，五六天才到，本想送来不去拿了。想想在京东半个月就买了*西，如果这两天的货又五六天在到，就拒绝收。,7,1,0.5720995664596558
不得不说，我快递哥们真心给力，?我京东上公司和家里的地址都留着的，快递小哥都认识我了。每次送货前都问我在不在地方，不在的话就帮我放在哪里或者改天再来，给快递小哥点赞。商品当然也是666，我很喜欢，大小很合适。,1,4,0.7114729881286621
还不错，虽然和苹果不能比，这个价位的也没得比了，同等的价位很不错了。,1,3,0.5653942823410034
不知道标题里写买一送一是什么含义，实际并没有赠送，像这种误导消费者的行为，京东这个级别的电商还使用?未免太低级了。本次购物十分失望。如果有零星的话肯定是零。作为长期在京东消费的顾客来说，被欺骗的感觉更强烈。,4,1,0.7472386956214905
包装不好，太简单了。都能打得开。,1,4,0.8059197664260864
京东商城购物方便快捷，快递给力，服务真诚，信誉第一。,4,3,0.8032264709472656
水货，太差了不满意,1,7,0.5175641775131226
"京东对产品太不负责任了,产品坏了催促维修进度慢,不负责任",1,3,0.4961492121219635
3G运存，操作反应还是比较快的～,1,2,0.7745667695999146
不好快递也慢还是旧的还有个洞,7,1,0.45748162269592285
下午刚收到货，京东就是快，昨天晚上下的单，应该是丨丨点就收到了，快递小哥辛苦啦！东东刚打开，之后会追加的,1,4,0.7929243445396423
不好用………………11,4,1,0.6119420528411865
不好 不好 不好 不好 不好 不好,4,7,0.4144188463687897
总体来说不错，期间降价给我退了差价，给京东点个赞！,1,4,0.4078737199306488
要求更换物品，4月份已经寄回你方了。到现在没给我任何回复。钱早给了。东西也没有，回复也没有。有这样做生意的吗？这样的交易还需要评分才能发表。垃圾！！！,7,1,0.4944007396697998
为什么申通快递要另外收费。,7,8,0.3403584063053131
总体还是不错的!就是预装软件有点多!速度也可以性价比还是比较好,1,8,0.6214275360107422
包装贼特么差劲！！！！里面居然一点保护都没做～原包装外面套了个破纸壳箱子就给我发来了？？？？？？在里面直逛荡！！！！几张破报纸你都懒得放么？？？？电子设备你就这么发货？？？？我买几本不怕摔的破书人家还知道外面包点气泡袋子呢！！！给你一星都嫌多！！！！,1,0,0.8535516858100891
我用了2周多的时间，感觉最大的有点就是时间长，看片不卡。常用软件ok都，至于极品之类的游戏还是台式机比较好，别指望它能帮你。,8,1,0.9674692749977112
物流太慢，四天才到，我也是服气了。,4,1,0.4072558879852295
这个也太夸张了，刚买好就降价，而且还送东西，真是无语，亏大了。,8,1,0.6923190355300903
非常非常非常非常非常非常非常非常好！,3,1,0.433989942073822
第一：外表不是金属，第二：色彩差，第三：玩游戏会卡,1,2,0.3953845500946045
我只想说去你大爷，是别人用过的,7,4,0.7958850264549255
奇谈怪论！荒谬！,1,0,0.7601386904716492
垃圾服务！一星都不值！,4,9,0.4701268970966339
"本人买的4GRAM,32GROM这样的话，虽然内存小一点但运行内存大，玩起来流觞感比较好，Wifi功能也比较强大，总感觉屏幕小了点。其他用着还是比较舒心的。",1,8,0.524199903011322
真心不爽 我等了一个星期,7,4,0.5599762201309204
比以前的M2好了一个档次！值得购买！！！,1,7,0.2661816477775574
非常满意，京东购物送货快，质量有保障,7,3,0.6862457394599915
还可以，不错的。希望本店越来越好,3,7,0.41146120429039
服务不好。,9,7,0.4595283269882202
假货大家不要买,1,4,0.5762677192687988
物流太快了，收到货后也太满意了，物有所值，真心喜欢，果断收藏店铺以后就会赖上她家的店,4,7,0.8648689389228821
听说京东上买东西自营的第二天能到，结果真的只是传说，物流慢的没话说,4,3,0.38618698716163635
物流快，快递小哥给力！虽然包装简单，但严实，没有破损。而且快递员当场让我验货，说这是流程。很好的服务,3,4,0.8028938174247742
假货……假货……假货……假货……假货……假货……假货……假货……,7,4,0.9466596841812134
第很多次来买了，这次还帮邻居买了两盒。不错，大大的赞。,3,4,0.7428848147392273
时间就是速度呀，一年前的价格跟现在比差得太远了。这一款我觉得估计两年不用换了，值了吧很好看称赞一下,8,7,0.359984815120697
很好很好很好，好就好在京东小哥送货速度一流快，到了还来电话确认收货，刮风下雨无阻，给勤劳的小哥点个赞,3,4,0.5119301080703735
非常不错的购物体验，钻石会员每月送2张运费券，PLUS会员每月送5张运费券，平时很多在超市买的    生活用品我现在全转到京东来买的，不光是价格有优势，晚上11点下单，每二天一般在10点前就收到    的，送货速度让我很满意，还节省了我们家不少的油费，我们家住9楼，快递员都是直接送到家门口，    十分热情，还帮我们把垃圾带下去，支持京东！,3,4,0.6343085765838623
这个电池着实是奇怪了一点，鼓出来的，影响美观，还有连接的地方，有点松，平衡还不错，要找好角度。,8,1,0.8227367997169495
很好，非常好，越来越好,4,1,0.8667364120483398
我买了不到了三天，换了两次，最后还是退了。电池太不经用，到处都是毛病，最大的毛病是他的插卡的地方松得很，一晃就会找不到卡了。小日本的东西真的不能买啊～～～～～～～～～～～。,2,1,0.9586796760559082
送了其他的样品试用，应该还不错。,4,1,0.6096877455711365
物流真不咋样，不送货上门，让用户自己取货。,1,4,0.6439859867095947
东西没毛病 物流很快 还会购买,3,7,0.27023717761039734
直接卸载京东 我擦你麻痹 **玩意,4,1,0.749195396900177
俩次了，快递小哥好像不认识字，我只能给你差评。,4,3,0.5011600852012634
快递快。 味道好已经买了几次了 下次还会继续,4,3,0.9087234735488892
打开一看，包装精美，京东购物，值得信赖！,3,4,0.7464064955711365
京东的服务太差了。说送的赠品不送了。,4,1,0.6816565990447998
星期六上午9点多定的货，当天下午4点多到手，没有任何催促，可以说是非常之快了，很感谢！,8,1,0.3424624502658844
总的来说还不错,2,1,0.6485612392425537
垃圾产品伤心的购物，谁买谁后悔,1,4,0.47237569093704224
几年前逛京东还不是那么的信任京东，现在信赖首选京东，默默哒一直看着它一年一年发展的越来越好，心里也在为京东发展壮大而加油打气。为什么我喜欢京东购物，因为可以当天买自己喜欢的商品，明天就可以到达客户的家中，为什么我所有的评价都相同，因为在京东买的东西太多太多，商品积累的太多没有评价，最佩服的，还是京东物流，有时晚上11点前动动手指，购买的商品，第二天上午就送到单位或者家里，还可以刷卡付款。【我是湖北省～孝感市】自营的商品挺有保证，售后，有问题打专属客服热线。客服很赞，一句话的事儿，直接上门取件退，上门更换新商品，家电有价保，一个月退货，半年换货，实体店儿弱爆了，根本没有竞争力与京东相提并论；比老家的商铺街上的价格省了一大截票子哈，宝宝平时基本不逛街，在家逛京东商城就能买到合意的超值商品，有些明显比超市还划算，而且还一模一样的吃喝生活用品哟，小宝贝们快来选购吧！既省钱，又节省时间，永远支持信誉商家《京东》。,4,3,0.760775625705719
宝贝收到，很好物流很快，感谢京东，赞赞赞。,4,3,0.48311465978622437
行行行提你听我明厅好哦头破也啥也胡一牛子though一米五让我替哦去一直陪我闺蜜丢rosy一米五我随你心您追哦天搜狐哦英语咯VPN苏俄whyXP嘻嘻嘻女护士wry会哦行行行信息网,3,4,0.5304038524627686
总体表现没有太意外。厚度中等，装配间隙还可以。我的大黑边，大黑边。表扬一下音效不错的，显示速度也不错,1,8,0.8838642239570618
好，很好，非常好，以后就跟你们买了，方便快捷！,7,3,0.6399739384651184
双十一买的，现在都还没到啊，怎么回事啊,7,4,0.45721906423568726
一直喜欢的牌子，好好好好好……,7,4,0.7765762209892273
伊萨奥体咯照片咯终于深,4,7,0.4504065215587616
6月初买的告诉我跟618优惠一样，今天一看*说，送的东西也比以前的多，强烈建议大家以后买京东的东西搞活动当天再买，平时再也不买了,1,4,0.7987819314002991
价格便宜，功能强大。去中关村拿还要3600带票呢，这次才3299带票。够便宜,8,2,0.6447920799255371
送货速度快，性价比高，商品不错，值得购买。,4,3,0.5334130525588989
